underlying_symbol,quote_date,root,expiration,strike,option_type,open,high,low,close,trade_volume,bid_size_1545,bid_1545,ask_size_1545,ask_1545,underlying_bid_1545,underlying_ask_1545,bid_size_eod,bid_eod,ask_size_eod,ask_eod,underlying_bid_eod,underlying_ask_eod,vwap,open_interest,delivery_code
^VIX,2018-05-29,VIX,2018-05-30,10.000,c,4.50,7.40,4.50,7.40,119,451,6.50,382,7.90,17.57,17.57,2,6.10,23,7.80,17.02,17.02,5.52,195,0
^VIX,2018-05-29,VIX,2018-05-30,10.000,p,0.00,0.00,0.00,0.00,0,0,0.00,227,0.05,17.57,17.57,0,0.00,227,0.05,17.02,17.02,0.00,9,0
^VIX,2018-05-29,VIX,2018-05-30,10.500,c,4.80,4.80,4.80,4.80,1,350,6.00,341,7.40,17.57,17.57,11,5.30,10,7.40,17.02,17.02,4.80,57,0
^VIX,2018-05-29,VIX,2018-05-30,10.500,p,0.00,0.00,0.00,0.00,0,0,0.00,60,0.05,17.57,17.57,0,0.00,60,0.05,17.02,17.02,0.00,22,0
^VIX,2018-05-29,VIX,2018-05-30,11.000,c,3.87,4.30,3.80,4.30,8,350,5.50,341,6.90,17.57,17.57,10,4.80,11,6.90,17.02,17.02,3.91,46,0
^VIX,2018-05-29,VIX,2018-05-30,11.000,p,0.02,0.02,0.02,0.02,10,0,0.00,55,0.05,17.57,17.57,0,0.00,51,0.05,17.02,17.02,0.02,73,0
^VIX,2018-05-29,VIX,2018-05-30,11.500,c,3.90,3.90,3.90,3.90,2,350,5.00,341,6.40,17.57,17.57,2,4.60,10,6.40,17.02,17.02,3.90,67,0
^VIX,2018-05-29,VIX,2018-05-30,11.500,p,0.00,0.00,0.00,0.00,0,0,0.00,55,0.05,17.57,17.57,0,0.00,72,0.05,17.02,17.02,0.00,1025,0
^VIX,2018-05-29,VIX,2018-05-30,12.000,c,3.00,5.60,2.70,5.60,216,452,4.50,378,5.90,17.57,17.57,1,4.30,22,5.80,17.02,17.02,3.86,253,0
^VIX,2018-05-29,VIX,2018-05-30,12.000,p,0.01,0.01,0.01,0.01,8,0,0.00,151,0.05,17.57,17.57,0,0.00,151,0.05,17.02,17.02,0.01,320,0
^VIX,2018-05-29,VIX,2018-05-30,12.500,c,2.40,3.10,2.40,3.10,7,350,4.00,346,5.40,17.57,17.57,1,3.90,11,5.30,17.02,17.02,2.62,72,0
^VIX,2018-05-29,VIX,2018-05-30,12.500,p,0.00,0.00,0.00,0.00,0,0,0.00,14,0.05,17.57,17.57,0,0.00,44,0.05,17.02,17.02,0.00,1373,0
^VIX,2018-05-29,VIX,2018-05-30,13.000,c,2.05,5.21,1.20,4.90,194,463,3.40,388,5.00,17.57,17.57,1,3.20,21,4.80,17.02,17.02,3.11,211,0
^VIX,2018-05-29,VIX,2018-05-30,13.000,p,0.05,0.05,0.03,0.04,160,0,0.00,79,0.05,17.57,17.57,0,0.00,102,0.05,17.02,17.02,0.04,1623,0
^VIX,2018-05-29,VIX,2018-05-30,13.500,c,1.73,3.81,1.20,3.81,85,467,2.95,388,4.50,17.57,17.57,1,3.30,22,4.40,17.02,17.02,1.94,114,0
^VIX,2018-05-29,VIX,2018-05-30,13.500,p,0.05,0.11,0.01,0.07,215,0,0.00,22,0.05,17.57,17.57,0,0.00,52,0.05,17.02,17.02,0.05,838,0
^VIX,2018-05-29,VIX,2018-05-30,14.000,c,1.20,4.01,0.85,3.92,425,380,2.55,378,3.90,17.57,17.57,1,2.25,24,3.90,17.02,17.02,1.70,396,0
^VIX,2018-05-29,VIX,2018-05-30,14.000,p,0.20,0.25,0.05,0.05,369,0,0.00,2,0.05,17.57,17.57,0,0.00,24,0.05,17.02,17.02,0.13,260,0
^VIX,2018-05-29,VIX,2018-05-30,14.500,c,0.70,3.05,0.50,3.05,142,449,2.05,384,3.40,17.57,17.57,2,1.70,21,3.30,17.02,17.02,1.25,252,0
^VIX,2018-05-29,VIX,2018-05-30,14.500,p,0.25,0.50,0.05,0.12,227,0,0.00,13,0.35,17.57,17.57,0,0.00,20,0.05,17.02,17.02,0.26,128,0
^VIX,2018-05-29,VIX,2018-05-30,15.000,c,0.93,3.00,0.35,2.59,905,50,2.05,386,2.95,17.57,17.57,1,1.30,22,2.90,17.02,17.02,1.22,988,0
^VIX,2018-05-29,VIX,2018-05-30,15.000,p,0.76,0.76,0.05,0.08,899,0,0.00,182,0.10,17.57,17.57,0,0.00,141,0.10,17.02,17.02,0.27,291,0
^VIX,2018-05-29,VIX,2018-05-30,16.000,c,0.45,2.16,0.10,1.40,1560,31,1.30,474,2.05,17.57,17.57,3,0.50,8,1.85,17.02,17.02,0.93,739,0
^VIX,2018-05-29,VIX,2018-05-30,16.000,p,1.30,1.90,0.10,0.25,1153,50,0.15,25,0.20,17.57,17.57,10,0.10,25,0.40,17.02,17.02,0.49,107,0
^VIX,2018-05-29,VIX,2018-05-30,17.000,c,0.15,1.50,0.10,0.85,4758,30,0.85,1,1.10,17.57,17.57,3,0.85,1104,1.05,17.02,17.02,0.62,6897,0
^VIX,2018-05-29,VIX,2018-05-30,17.000,p,2.18,2.38,0.30,0.65,893,36,0.35,122,1.00,17.57,17.57,16,0.35,10,0.85,17.02,17.02,0.69,57,0
^VIX,2018-05-29,VIX,2018-05-30,18.000,c,0.10,1.00,0.05,0.49,2095,84,0.30,1567,0.75,17.57,17.57,36,0.20,13,0.65,17.02,17.02,0.42,5780,0
^VIX,2018-05-29,VIX,2018-05-30,18.000,p,3.26,3.26,0.40,0.40,177,159,0.75,12,2.10,17.57,17.57,70,1.10,10,1.50,17.02,17.02,1.76,44,0
^VIX,2018-05-29,VIX,2018-05-30,19.000,c,0.10,0.70,0.05,0.23,2724,959,0.15,115,0.40,17.57,17.57,1391,0.10,98,0.30,17.02,17.02,0.44,417,0
^VIX,2018-05-29,VIX,2018-05-30,19.000,p,4.23,4.23,1.70,1.90,16,25,1.30,29,3.00,17.57,17.57,8,1.45,51,3.30,17.02,17.02,2.71,9,0
^VIX,2018-05-29,VIX,2018-05-30,20.000,c,0.10,0.50,0.05,0.13,3757,976,0.10,5,0.20,17.57,17.57,315,0.10,1,0.20,17.02,17.02,0.28,8940,0
^VIX,2018-05-29,VIX,2018-05-30,20.000,p,4.48,4.48,2.21,2.26,14,23,2.20,26,4.10,17.57,17.57,9,2.35,27,4.10,17.02,17.02,3.84,22,0
^VIX,2018-05-29,VIX,2018-05-30,21.000,c,0.05,0.30,0.05,0.07,6077,0,0.00,1624,0.35,17.57,17.57,728,0.05,12,0.10,17.02,17.02,0.16,10102,0
^VIX,2018-05-29,VIX,2018-05-30,21.000,p,0.00,0.00,0.00,0.00,0,28,3.10,27,5.00,17.57,17.57,13,3.20,12,5.20,17.02,17.02,0.00,60,0
^VIX,2018-05-29,VIX,2018-05-30,22.000,c,0.15,0.30,0.10,0.10,396,717,0.05,100,0.10,17.57,17.57,0,0.00,154,0.10,17.02,17.02,0.17,850,0
^VIX,2018-05-29,VIX,2018-05-30,22.000,p,0.00,0.00,0.00,0.00,0,15,4.10,16,6.00,17.57,17.57,13,4.20,12,6.20,17.02,17.02,0.00,0,0
^VIX,2018-05-29,VIX,2018-05-30,23.000,c,0.05,0.05,0.05,0.05,200,205,0.05,1669,0.25,17.57,17.57,0,0.00,4,0.05,17.02,17.02,0.05,393,0
^VIX,2018-05-29,VIX,2018-05-30,23.000,p,0.00,0.00,0.00,0.00,0,16,5.00,16,7.00,17.57,17.57,13,5.20,12,7.20,17.02,17.02,0.00,0,0
^VIX,2018-05-29,VIX,2018-05-30,24.000,c,0.05,0.10,0.05,0.05,332,0,0.00,1316,0.20,17.57,17.57,0,0.00,14,0.05,17.02,17.02,0.07,79,0
^VIX,2018-05-29,VIX,2018-05-30,24.000,p,0.00,0.00,0.00,0.00,0,15,6.00,16,8.00,17.57,17.57,11,6.20,10,8.20,17.02,17.02,0.00,9,0
^VIX,2018-05-29,VIX,2018-05-30,25.000,c,0.04,0.05,0.04,0.05,146,0,0.00,10,0.05,17.57,17.57,0,0.00,16,0.05,17.02,17.02,0.05,5230,0
^VIX,2018-05-29,VIX,2018-05-30,25.000,p,0.00,0.00,0.00,0.00,0,10,7.00,9,9.10,17.57,17.57,10,7.20,9,9.20,17.02,17.02,0.00,8,0
^VIX,2018-05-29,VIX,2018-05-30,30.000,c,0.03,0.03,0.03,0.03,6,0,0.00,40,0.05,17.57,17.57,0,0.00,50,0.05,17.02,17.02,0.03,6127,0
^VIX,2018-05-29,VIX,2018-05-30,30.000,p,0.00,0.00,0.00,0.00,0,10,12.00,9,14.10,17.57,17.57,10,12.10,9,14.10,17.02,17.02,0.00,16,0
^VIX,2018-05-29,VIX,2018-05-30,32.500,c,0.00,0.00,0.00,0.00,0,0,0.00,25,0.05,17.57,17.57,0,0.00,45,0.05,17.02,17.02,0.00,1190,0
^VIX,2018-05-29,VIX,2018-05-30,32.500,p,0.00,0.00,0.00,0.00,0,10,14.50,9,16.60,17.57,17.57,10,14.60,9,16.60,17.02,17.02,0.00,50,0
^VIX,2018-05-29,VIX,2018-05-30,35.000,c,0.00,0.00,0.00,0.00,0,0,0.00,5,0.05,17.57,17.57,0,0.00,20,0.05,17.02,17.02,0.00,21,0
^VIX,2018-05-29,VIX,2018-05-30,35.000,p,0.00,0.00,0.00,0.00,0,10,17.00,9,19.10,17.57,17.57,10,17.10,9,19.10,17.02,17.02,0.00,30,0
^VIX,2018-05-29,VIX,2018-05-30,37.500,c,0.00,0.00,0.00,0.00,0,0,0.00,5,0.05,17.57,17.57,0,0.00,6,0.05,17.02,17.02,0.00,0,0
^VIX,2018-05-29,VIX,2018-05-30,37.500,p,0.00,0.00,0.00,0.00,0,10,19.50,9,21.60,17.57,17.57,10,19.60,9,21.60,17.02,17.02,0.00,0,0
^VIX,2018-05-29,VIX,2018-05-30,40.000,c,0.00,0.00,0.00,0.00,0,0,0.00,6,0.05,17.57,17.57,0,0.00,6,0.05,17.02,17.02,0.00,1,0
^VIX,2018-05-29,VIX,2018-05-30,40.000,p,22.90,22.90,22.90,22.90,17,20,22.00,19,24.10,17.57,17.57,21,22.20,22,24.10,17.02,17.02,22.90,33,0
^VIX,2018-05-29,VIX,2018-05-30,42.500,c,0.00,0.00,0.00,0.00,0,0,0.00,208,0.40,17.57,17.57,0,0.00,26,0.65,17.02,17.02,0.00,0,0
^VIX,2018-05-29,VIX,2018-05-30,42.500,p,0.00,0.00,0.00,0.00,0,10,24.50,9,26.60,17.57,17.57,10,24.60,9,26.60,17.02,17.02,0.00,0,0
^VIX,2018-05-29,VIX,2018-05-30,45.000,c,0.00,0.00,0.00,0.00,0,0,0.00,20,0.05,17.57,17.57,0,0.00,20,0.05,17.02,17.02,0.00,71,0
^VIX,2018-05-29,VIX,2018-05-30,45.000,p,29.60,29.60,29.60,29.60,1,10,27.00,9,29.10,17.57,17.57,10,27.10,9,29.10,17.02,17.02,29.60,17,0
^VIX,2018-05-29,VIX,2018-05-30,50.000,c,0.00,0.00,0.00,0.00,0,0,0.00,192,0.40,17.57,17.57,0,0.00,15,0.05,17.02,17.02,0.00,11,0
^VIX,2018-05-29,VIX,2018-05-30,50.000,p,34.60,34.60,34.60,34.60,1,10,32.00,9,34.10,17.57,17.57,10,32.10,9,34.10,17.02,17.02,34.60,0,0
^VIX,2018-05-29,VIX,2018-05-30,55.000,c,0.00,0.00,0.00,0.00,0,0,0.00,20,0.05,17.57,17.57,0,0.00,20,0.05,17.02,17.02,0.00,150,0
^VIX,2018-05-29,VIX,2018-05-30,55.000,p,39.60,39.60,39.60,39.60,1,10,37.00,9,39.10,17.57,17.57,10,37.10,9,39.10,17.02,17.02,39.60,0,0
^VIX,2018-05-29,VIX,2018-06-06,10.000,c,4.80,6.00,4.80,5.74,13,60,5.90,102,7.10,17.57,17.57,67,5.50,60,6.60,17.02,17.02,5.69,49,0
^VIX,2018-05-29,VIX,2018-06-06,10.000,p,0.00,0.00,0.00,0.00,0,0,0.00,62,0.05,17.57,17.57,0,0.00,62,0.05,17.02,17.02,0.00,6,0
^VIX,2018-05-29,VIX,2018-06-06,10.500,c,0.00,0.00,0.00,0.00,0,50,5.40,100,6.60,17.57,17.57,55,5.00,50,6.10,17.02,17.02,0.00,0,0
^VIX,2018-05-29,VIX,2018-06-06,10.500,p,0.00,0.00,0.00,0.00,0,0,0.00,54,0.05,17.57,17.57,0,0.00,54,0.05,17.02,17.02,0.00,25,0
^VIX,2018-05-29,VIX,2018-06-06,11.000,c,3.79,3.79,3.79,3.79,5,50,4.90,85,6.10,17.57,17.57,57,4.50,50,5.60,17.02,17.02,3.79,5,0
^VIX,2018-05-29,VIX,2018-06-06,11.000,p,0.00,0.00,0.00,0.00,0,0,0.00,45,0.05,17.57,17.57,0,0.00,45,0.05,17.02,17.02,0.00,11,0
^VIX,2018-05-29,VIX,2018-06-06,11.500,c,3.50,5.00,3.50,5.00,125,60,4.40,110,5.60,17.57,17.57,66,4.00,60,5.10,17.02,17.02,4.74,152,0
^VIX,2018-05-29,VIX,2018-06-06,11.500,p,0.06,0.06,0.06,0.06,201,0,0.00,60,0.10,17.57,17.57,0,0.00,60,0.10,17.02,17.02,0.06,15,0
^VIX,2018-05-29,VIX,2018-06-06,12.000,c,2.30,3.80,2.30,3.50,43,60,3.90,102,5.10,17.57,17.57,69,3.50,60,4.60,17.02,17.02,3.32,72,0
^VIX,2018-05-29,VIX,2018-06-06,12.000,p,0.05,0.05,0.05,0.05,20,0,0.00,10,0.05,17.57,17.57,0,0.00,10,0.05,17.02,17.02,0.05,45,0
^VIX,2018-05-29,VIX,2018-06-06,12.500,c,2.55,3.19,2.55,3.19,14,100,3.50,102,4.60,17.57,17.57,66,3.10,60,4.20,17.02,17.02,2.85,138,0
^VIX,2018-05-29,VIX,2018-06-06,12.500,p,0.10,0.15,0.05,0.05,2202,0,0.00,100,0.10,17.57,17.57,0,0.00,60,0.10,17.02,17.02,0.09,112,0
^VIX,2018-05-29,VIX,2018-06-06,13.000,c,2.00,3.50,1.85,3.50,44,100,3.00,112,4.20,17.57,17.57,69,2.65,60,3.70,17.02,17.02,2.67,87,0
^VIX,2018-05-29,VIX,2018-06-06,13.000,p,0.25,0.25,0.05,0.05,392,0,0.00,107,0.15,17.57,17.57,10,0.05,7,0.15,17.02,17.02,0.10,155,0
^VIX,2018-05-29,VIX,2018-06-06,13.500,c,1.80,2.75,1.65,2.75,31,60,2.65,3,3.60,17.57,17.57,67,2.25,60,3.30,17.02,17.02,2.14,40,0
^VIX,2018-05-29,VIX,2018-06-06,13.500,p,0.35,0.35,0.10,0.10,3324,131,0.05,60,0.25,17.57,17.57,50,0.10,2,0.20,17.02,17.02,0.11,206,0
^VIX,2018-05-29,VIX,2018-06-06,14.000,c,1.50,3.00,1.20,3.00,307,100,2.25,53,3.00,17.57,17.57,70,1.95,60,2.85,17.02,17.02,1.91,305,0
^VIX,2018-05-29,VIX,2018-06-06,14.000,p,0.65,0.68,0.20,0.20,185,123,0.10,60,0.40,17.57,17.57,60,0.15,60,0.50,17.02,17.02,0.37,77,0
^VIX,2018-05-29,VIX,2018-06-06,14.500,c,1.20,2.50,1.20,1.95,9,60,1.95,2,2.80,17.57,17.57,69,1.65,60,2.50,17.02,17.02,2.08,128,0
^VIX,2018-05-29,VIX,2018-06-06,14.500,p,0.95,0.95,0.30,0.40,206,1040,0.35,7,0.45,17.57,17.57,1594,0.35,60,0.70,17.02,17.02,0.62,143,0
^VIX,2018-05-29,VIX,2018-06-06,15.000,c,1.05,2.30,0.55,2.20,2319,60,1.65,1629,2.50,17.57,17.57,71,1.45,1924,2.20,17.02,17.02,1.58,5027,0
^VIX,2018-05-29,VIX,2018-06-06,15.000,p,1.45,1.45,0.50,0.65,1223,10,0.60,10,1.00,17.57,17.57,60,0.50,60,0.95,17.02,17.02,0.63,24,0
^VIX,2018-05-29,VIX,2018-06-06,16.000,c,0.85,1.75,0.65,1.60,1195,100,1.25,673,1.75,17.57,17.57,66,1.05,63,1.70,17.02,17.02,1.31,2574,0
^VIX,2018-05-29,VIX,2018-06-06,16.000,p,1.85,2.10,0.95,1.15,247,3,1.05,103,1.35,17.57,17.57,64,1.00,68,1.60,17.02,17.02,1.25,139,0
^VIX,2018-05-29,VIX,2018-06-06,17.000,c,0.45,1.45,0.45,1.20,234,92,0.95,1,1.40,17.57,17.57,50,0.80,62,1.30,17.02,17.02,0.82,2421,0
^VIX,2018-05-29,VIX,2018-06-06,17.000,p,2.84,2.95,1.55,2.05,153,126,1.40,60,2.10,17.57,17.57,60,1.65,68,2.35,17.02,17.02,2.06,40,0
^VIX,2018-05-29,VIX,2018-06-06,18.000,c,0.35,1.25,0.35,1.03,473,60,0.75,127,1.25,17.57,17.57,2,0.85,60,1.05,17.02,17.02,0.63,551,0
^VIX,2018-05-29,VIX,2018-06-06,18.000,p,2.87,2.87,2.55,2.55,42,10,2.20,60,2.85,17.57,17.57,60,2.35,69,3.20,17.02,17.02,2.78,5,0
^VIX,2018-05-29,VIX,2018-06-06,19.000,c,0.30,0.84,0.30,0.75,83,60,0.60,7,1.00,17.57,17.57,50,0.50,60,0.90,17.02,17.02,0.74,182,0
^VIX,2018-05-29,VIX,2018-06-06,19.000,p,3.93,3.93,3.10,3.30,46,106,2.80,60,3.80,17.57,17.57,60,3.20,70,4.10,17.02,17.02,3.22,27,0
^VIX,2018-05-29,VIX,2018-06-06,20.000,c,0.30,0.75,0.23,0.65,2499,70,0.65,1,0.75,17.57,17.57,6,0.55,1,0.70,17.02,17.02,0.60,362,0
^VIX,2018-05-29,VIX,2018-06-06,20.000,p,4.30,4.30,4.20,4.20,4,100,3.60,60,4.60,17.57,17.57,60,4.00,70,5.00,17.02,17.02,4.26,0,0
^VIX,2018-05-29,VIX,2018-06-06,21.000,c,0.30,0.70,0.25,0.48,157,123,0.35,103,0.70,17.57,17.57,60,0.30,60,0.65,17.02,17.02,0.45,6668,0
^VIX,2018-05-29,VIX,2018-06-06,21.000,p,6.13,6.60,6.13,6.60,46,108,4.50,60,5.50,17.57,17.57,60,4.90,71,5.90,17.02,17.02,6.54,6,0
^VIX,2018-05-29,VIX,2018-06-06,22.000,c,0.48,0.48,0.48,0.48,3,120,0.25,103,0.65,17.57,17.57,50,0.25,60,0.55,17.02,17.02,0.48,26,0
^VIX,2018-05-29,VIX,2018-06-06,22.000,p,0.00,0.00,0.00,0.00,0,103,5.40,60,6.40,17.57,17.57,60,5.80,70,6.80,17.02,17.02,0.00,0,0
^VIX,2018-05-29,VIX,2018-06-06,23.000,c,0.20,0.45,0.20,0.38,6,120,0.25,60,0.50,17.57,17.57,60,0.20,60,0.45,17.02,17.02,0.37,206,0
^VIX,2018-05-29,VIX,2018-06-06,23.000,p,0.00,0.00,0.00,0.00,0,109,6.30,60,7.40,17.57,17.57,60,6.80,71,7.80,17.02,17.02,0.00,0,0
^VIX,2018-05-29,VIX,2018-06-06,24.000,c,0.29,0.35,0.25,0.35,18,121,0.20,5,0.40,17.57,17.57,50,0.20,66,0.40,17.02,17.02,0.29,10095,0
^VIX,2018-05-29,VIX,2018-06-06,24.000,p,0.00,0.00,0.00,0.00,0,106,7.20,60,8.30,17.57,17.57,60,7.70,70,8.70,17.02,17.02,0.00,0,0
^VIX,2018-05-29,VIX,2018-06-06,25.000,c,0.10,0.35,0.10,0.35,118,60,0.15,103,0.40,17.57,17.57,10,0.20,60,0.35,17.02,17.02,0.12,443,0
^VIX,2018-05-29,VIX,2018-06-06,25.000,p,0.00,0.00,0.00,0.00,0,103,8.20,60,9.30,17.57,17.57,60,8.70,71,9.70,17.02,17.02,0.00,0,0
^VIX,2018-05-29,VIX,2018-06-06,30.000,c,0.10,0.20,0.10,0.15,3362,5,0.10,4,0.20,17.57,17.57,15,0.10,2,0.20,17.02,17.02,0.14,40,0
^VIX,2018-05-29,VIX,2018-06-06,30.000,p,0.00,0.00,0.00,0.00,0,98,13.00,50,14.20,17.57,17.57,50,13.50,60,14.60,17.02,17.02,0.00,0,0
^VIX,2018-05-29,VIX,2018-06-06,32.500,c,0.05,0.05,0.05,0.05,10,50,0.05,103,0.20,17.57,17.57,10,0.05,60,0.20,17.02,17.02,0.05,1,0
^VIX,2018-05-29,VIX,2018-06-06,32.500,p,0.00,0.00,0.00,0.00,0,85,15.50,50,16.70,17.57,17.57,50,16.00,57,17.10,17.02,17.02,0.00,0,0
^VIX,2018-05-29,VIX,2018-06-06,35.000,c,0.10,0.10,0.05,0.10,25,0,0.00,5,0.10,17.57,17.57,5,0.05,60,0.15,17.02,17.02,0.08,12,0
^VIX,2018-05-29,VIX,2018-06-06,35.000,p,0.00,0.00,0.00,0.00,0,85,18.00,50,19.10,17.57,17.57,50,18.50,59,19.50,17.02,17.02,0.00,0,0
^VIX,2018-05-29,VIX,2018-06-06,37.500,c,0.00,0.00,0.00,0.00,0,0,0.00,5,0.10,17.57,17.57,0,0.00,5,0.10,17.02,17.02,0.00,10,0
^VIX,2018-05-29,VIX,2018-06-06,37.500,p,0.00,0.00,0.00,0.00,0,100,20.40,50,21.60,17.57,17.57,50,20.90,57,22.00,17.02,17.02,0.00,0,0
^VIX,2018-05-29,VIX,2018-06-06,40.000,c,0.05,0.05,0.05,0.05,10,20,0.05,15,0.10,17.57,17.57,20,0.05,15,0.10,17.02,17.02,0.05,121,0
^VIX,2018-05-29,VIX,2018-06-06,40.000,p,0.00,0.00,0.00,0.00,0,100,22.90,50,24.10,17.57,17.57,50,23.40,59,24.50,17.02,17.02,0.00,0,0
^VIX,2018-05-29,VIX,2018-06-06,42.500,c,0.00,0.00,0.00,0.00,0,0,0.00,60,0.10,17.57,17.57,0,0.00,10,0.10,17.02,17.02,0.00,7,0
^VIX,2018-05-29,VIX,2018-06-06,42.500,p,0.00,0.00,0.00,0.00,0,85,25.40,50,26.60,17.57,17.57,50,25.90,50,27.00,17.02,17.02,0.00,0,0
^VIX,2018-05-29,VIX,2018-06-06,45.000,c,0.00,0.00,0.00,0.00,0,0,0.00,60,0.10,17.57,17.57,0,0.00,60,0.10,17.02,17.02,0.00,1,0
^VIX,2018-05-29,VIX,2018-06-06,45.000,p,0.00,0.00,0.00,0.00,0,85,27.90,50,29.10,17.57,17.57,50,28.40,59,29.50,17.02,17.02,0.00,0,0
^VIX,2018-05-29,VIX,2018-06-06,50.000,c,0.00,0.00,0.00,0.00,0,0,0.00,10,0.05,17.57,17.57,0,0.00,10,0.05,17.02,17.02,0.00,11,0
^VIX,2018-05-29,VIX,2018-06-06,50.000,p,0.00,0.00,0.00,0.00,0,85,32.90,50,34.10,17.57,17.57,50,33.40,59,34.50,17.02,17.02,0.00,0,0
^VIX,2018-05-29,VIX,2018-06-13,10.000,c,5.00,6.40,5.00,6.30,77,60,5.70,20,7.20,17.57,17.57,60,5.40,70,6.70,17.02,17.02,5.78,106,0
^VIX,2018-05-29,VIX,2018-06-13,10.000,p,0.00,0.00,0.00,0.00,0,0,0.00,62,0.05,17.57,17.57,0,0.00,62,0.05,17.02,17.02,0.00,1,0
^VIX,2018-05-29,VIX,2018-06-13,10.500,c,0.00,0.00,0.00,0.00,0,50,5.20,60,6.80,17.57,17.57,50,4.90,50,6.20,17.02,17.02,0.00,0,0
^VIX,2018-05-29,VIX,2018-06-13,10.500,p,0.00,0.00,0.00,0.00,0,0,0.00,50,0.05,17.57,17.57,0,0.00,50,0.05,17.02,17.02,0.00,2,0
^VIX,2018-05-29,VIX,2018-06-13,11.000,c,0.00,0.00,0.00,0.00,0,50,4.70,60,6.30,17.57,17.57,50,4.40,50,5.70,17.02,17.02,0.00,21,0
^VIX,2018-05-29,VIX,2018-06-13,11.000,p,0.04,0.04,0.04,0.04,3,0,0.00,34,0.05,17.57,17.57,0,0.00,34,0.05,17.02,17.02,0.04,8,0
^VIX,2018-05-29,VIX,2018-06-13,11.500,c,4.20,4.20,4.20,4.20,1,50,4.20,60,5.80,17.57,17.57,50,3.90,50,5.20,17.02,17.02,4.20,2,0
^VIX,2018-05-29,VIX,2018-06-13,11.500,p,0.00,0.00,0.00,0.00,0,0,0.00,60,0.10,17.57,17.57,0,0.00,60,0.10,17.02,17.02,0.00,1,0
^VIX,2018-05-29,VIX,2018-06-13,12.000,c,2.91,4.24,2.91,4.24,234,60,3.70,70,5.30,17.57,17.57,68,3.40,20,4.70,17.02,17.02,3.55,71,0
^VIX,2018-05-29,VIX,2018-06-13,12.000,p,0.20,0.20,0.05,0.05,9,0,0.00,60,0.15,17.57,17.57,0,0.00,60,0.15,17.02,17.02,0.14,26,0
^VIX,2018-05-29,VIX,2018-06-13,12.500,c,3.00,3.60,3.00,3.60,7,50,3.30,50,4.80,17.57,17.57,57,3.00,50,4.30,17.02,17.02,3.17,12,0
^VIX,2018-05-29,VIX,2018-06-13,12.500,p,0.15,0.15,0.15,0.15,10,0,0.00,60,0.20,17.57,17.57,0,0.00,60,0.25,17.02,17.02,0.15,23,0
^VIX,2018-05-29,VIX,2018-06-13,13.000,c,2.15,3.60,2.09,3.60,72,60,2.95,60,4.40,17.57,17.57,69,2.65,70,3.90,17.02,17.02,2.54,79,0
^VIX,2018-05-29,VIX,2018-06-13,13.000,p,0.38,0.41,0.17,0.17,20,70,0.05,60,0.30,17.57,17.57,50,0.10,60,0.35,17.02,17.02,0.27,36,0
^VIX,2018-05-29,VIX,2018-06-13,13.500,c,1.62,1.62,1.62,1.62,15,60,2.55,70,4.00,17.57,17.57,60,2.35,70,3.50,17.02,17.02,1.62,45,0
^VIX,2018-05-29,VIX,2018-06-13,13.500,p,0.50,0.55,0.45,0.55,4,7,0.25,59,0.50,17.57,17.57,7,0.25,60,0.55,17.02,17.02,0.50,4,0
^VIX,2018-05-29,VIX,2018-06-13,14.000,c,1.84,2.50,1.84,2.50,14,60,2.25,10,3.50,17.57,17.57,70,2.05,70,3.20,17.02,17.02,2.12,56,0
^VIX,2018-05-29,VIX,2018-06-13,14.000,p,0.70,0.70,0.48,0.48,22,10,0.30,60,0.65,17.57,17.57,50,0.35,60,0.75,17.02,17.02,0.59,49,0
^VIX,2018-05-29,VIX,2018-06-13,14.500,c,0.00,0.00,0.00,0.00,0,60,2.00,10,3.20,17.57,17.57,68,1.75,60,2.80,17.02,17.02,0.00,27,0
^VIX,2018-05-29,VIX,2018-06-13,14.500,p,0.95,0.95,0.75,0.75,110,60,0.40,60,0.90,17.57,17.57,60,0.50,60,1.00,17.02,17.02,0.93,6,0
^VIX,2018-05-29,VIX,2018-06-13,15.000,c,1.06,2.48,1.06,2.28,72,4,2.05,60,2.90,17.57,17.57,60,1.60,84,2.50,17.02,17.02,1.68,161,0
^VIX,2018-05-29,VIX,2018-06-13,15.000,p,1.34,1.40,0.75,0.90,55,2,0.70,60,1.15,17.57,17.57,60,0.75,2,1.20,17.02,17.02,1.05,7,0
^VIX,2018-05-29,VIX,2018-06-13,16.000,c,1.17,1.91,1.17,1.60,39,60,1.40,1,1.95,17.57,17.57,60,1.25,1,1.95,17.02,17.02,1.64,35,0
^VIX,2018-05-29,VIX,2018-06-13,16.000,p,2.26,2.26,1.40,1.40,47,60,1.05,5,1.55,17.57,17.57,60,1.25,5,1.70,17.02,17.02,1.79,3,0
^VIX,2018-05-29,VIX,2018-06-13,17.000,c,0.75,1.50,0.75,1.45,52,60,1.15,10,1.80,17.57,17.57,50,1.05,60,1.65,17.02,17.02,1.19,181,0
^VIX,2018-05-29,VIX,2018-06-13,17.000,p,2.94,2.95,2.00,2.00,152,60,1.65,60,2.50,17.57,17.57,61,1.90,88,2.70,17.02,17.02,2.42,24,0
^VIX,2018-05-29,VIX,2018-06-13,18.000,c,0.60,0.86,0.60,0.75,30,60,0.95,83,1.65,17.57,17.57,50,0.85,60,1.40,17.02,17.02,0.81,57,0
^VIX,2018-05-29,VIX,2018-06-13,18.000,p,3.77,3.77,2.90,2.90,14,82,2.35,60,3.30,17.57,17.57,60,2.60,90,3.60,17.02,17.02,3.52,1,0
^VIX,2018-05-29,VIX,2018-06-13,19.000,c,0.75,1.20,0.75,1.20,6,60,0.75,79,1.40,17.57,17.57,50,0.70,60,1.20,17.02,17.02,0.90,44,0
^VIX,2018-05-29,VIX,2018-06-13,19.000,p,0.00,0.00,0.00,0.00,0,84,3.00,76,4.20,17.57,17.57,60,3.40,86,4.40,17.02,17.02,0.00,31,0
^VIX,2018-05-29,VIX,2018-06-13,20.000,c,0.45,1.00,0.45,0.75,141,5,0.75,10,0.95,17.57,17.57,60,0.55,60,1.05,17.02,17.02,0.68,60,0
^VIX,2018-05-29,VIX,2018-06-13,20.000,p,4.70,4.70,4.70,4.70,4,84,3.80,76,5.10,17.57,17.57,76,4.20,89,5.30,17.02,17.02,4.70,20,0
^VIX,2018-05-29,VIX,2018-06-13,21.000,c,0.30,0.30,0.30,0.30,1,60,0.55,74,1.05,17.57,17.57,50,0.50,60,0.90,17.02,17.02,0.30,26,0
^VIX,2018-05-29,VIX,2018-06-13,21.000,p,6.18,6.18,6.18,6.18,6,83,4.70,75,6.00,17.57,17.57,60,5.10,88,6.20,17.02,17.02,6.18,831,0
^VIX,2018-05-29,VIX,2018-06-13,22.000,c,0.38,0.73,0.36,0.73,54,60,0.45,60,0.90,17.57,17.57,60,0.40,60,0.80,17.02,17.02,0.44,41,0
^VIX,2018-05-29,VIX,2018-06-13,22.000,p,0.00,0.00,0.00,0.00,0,33,5.60,73,6.90,17.57,17.57,60,6.00,85,7.10,17.02,17.02,0.00,0,0
^VIX,2018-05-29,VIX,2018-06-13,23.000,c,0.45,0.45,0.45,0.45,12,60,0.40,60,0.80,17.57,17.57,60,0.35,60,0.70,17.02,17.02,0.45,1,0
^VIX,2018-05-29,VIX,2018-06-13,23.000,p,0.00,0.00,0.00,0.00,0,83,6.40,60,7.80,17.57,17.57,60,6.90,85,8.10,17.02,17.02,0.00,0,0
^VIX,2018-05-29,VIX,2018-06-13,24.000,c,0.32,0.54,0.32,0.54,13,60,0.35,60,0.70,17.57,17.57,60,0.30,50,0.60,17.02,17.02,0.39,20,0
^VIX,2018-05-29,VIX,2018-06-13,24.000,p,0.00,0.00,0.00,0.00,0,33,7.40,74,8.80,17.57,17.57,60,7.80,85,9.00,17.02,17.02,0.00,0,0
^VIX,2018-05-29,VIX,2018-06-13,25.000,c,0.25,0.25,0.25,0.25,10,60,0.30,60,0.60,17.57,17.57,50,0.30,50,0.55,17.02,17.02,0.25,17,0
^VIX,2018-05-29,VIX,2018-06-13,25.000,p,0.00,0.00,0.00,0.00,0,31,8.40,35,9.70,17.57,17.57,43,8.70,53,10.00,17.02,17.02,0.00,0,0
^VIX,2018-05-29,VIX,2018-06-13,30.000,c,0.20,0.28,0.20,0.28,29,60,0.15,10,0.30,17.57,17.57,50,0.15,10,0.25,17.02,17.02,0.21,41,0
^VIX,2018-05-29,VIX,2018-06-13,30.000,p,0.00,0.00,0.00,0.00,0,9,13.10,35,14.50,17.57,17.57,44,13.50,42,14.80,17.02,17.02,0.00,0,0
^VIX,2018-05-29,VIX,2018-06-13,32.500,c,0.00,0.00,0.00,0.00,0,60,0.10,60,0.35,17.57,17.57,60,0.10,50,0.30,17.02,17.02,0.00,0,0
^VIX,2018-05-29,VIX,2018-06-13,32.500,p,0.00,0.00,0.00,0.00,0,20,15.60,60,17.00,17.57,17.57,50,16.00,60,17.30,17.02,17.02,0.00,0,0
^VIX,2018-05-29,VIX,2018-06-13,35.000,c,0.13,0.18,0.13,0.18,17,60,0.10,60,0.30,17.57,17.57,62,0.05,50,0.25,17.02,17.02,0.14,152,0
^VIX,2018-05-29,VIX,2018-06-13,35.000,p,0.00,0.00,0.00,0.00,0,35,17.90,25,19.50,17.57,17.57,35,18.40,41,19.80,17.02,17.02,0.00,0,0
^VIX,2018-05-29,VIX,2018-06-13,37.500,c,0.00,0.00,0.00,0.00,0,60,0.05,60,0.25,17.57,17.57,60,0.05,50,0.20,17.02,17.02,0.00,0,0
^VIX,2018-05-29,VIX,2018-06-13,37.500,p,0.00,0.00,0.00,0.00,0,60,20.40,50,21.90,17.57,17.57,50,20.90,50,22.20,17.02,17.02,0.00,0,0
^VIX,2018-05-29,VIX,2018-06-13,40.000,c,0.13,0.13,0.12,0.12,4,61,0.05,50,0.20,17.57,17.57,61,0.05,50,0.20,17.02,17.02,0.13,60,0
^VIX,2018-05-29,VIX,2018-06-13,40.000,p,0.00,0.00,0.00,0.00,0,35,22.80,25,24.40,17.57,17.57,25,23.40,31,24.70,17.02,17.02,0.00,0,0
^VIX,2018-05-29,VIX,2018-06-13,42.500,c,0.00,0.00,0.00,0.00,0,0,0.00,1,0.15,17.57,17.57,0,0.00,1,0.15,17.02,17.02,0.00,0,0
^VIX,2018-05-29,VIX,2018-06-13,42.500,p,0.00,0.00,0.00,0.00,0,10,25.40,50,26.90,17.57,17.57,50,25.90,50,27.20,17.02,17.02,0.00,0,0
^VIX,2018-05-29,VIX,2018-06-13,45.000,c,0.00,0.00,0.00,0.00,0,0,0.00,50,0.15,17.57,17.57,0,0.00,50,0.15,17.02,17.02,0.00,25,0
^VIX,2018-05-29,VIX,2018-06-13,45.000,p,0.00,0.00,0.00,0.00,0,35,27.80,25,29.40,17.57,17.57,25,28.30,31,29.70,17.02,17.02,0.00,0,0
^VIX,2018-05-29,VIX,2018-06-20,9.000,c,6.50,6.84,6.50,6.84,4,3006,7.00,2362,7.20,17.57,17.57,1256,6.80,600,7.00,17.02,17.02,6.69,667,0
^VIX,2018-05-29,VIX,2018-06-20,9.000,p,0.01,0.01,0.01,0.01,272,0,0.00,22717,0.05,17.57,17.57,0,0.00,17704,0.05,17.02,17.02,0.01,4058,0
^VIX,2018-05-29,VIX,2018-06-20,10.000,c,4.80,6.50,4.80,6.00,1220,6111,6.00,3993,6.20,17.57,17.57,1257,5.80,601,6.00,17.02,17.02,5.72,7079,0
^VIX,2018-05-29,VIX,2018-06-20,10.000,p,0.02,0.03,0.02,0.03,3,0,0.00,20822,0.05,17.57,17.57,0,0.00,15036,0.05,17.02,17.02,0.02,15156,0
^VIX,2018-05-29,VIX,2018-06-20,10.500,c,0.00,0.00,0.00,0.00,0,8317,5.50,5241,5.70,17.57,17.57,2550,5.30,601,5.50,17.02,17.02,0.00,2,0
^VIX,2018-05-29,VIX,2018-06-20,10.500,p,0.01,0.04,0.01,0.03,57,0,0.00,21804,0.05,17.57,17.57,0,0.00,17332,0.05,17.02,17.02,0.02,17422,0
^VIX,2018-05-29,VIX,2018-06-20,11.000,c,4.00,5.40,3.60,5.20,3074,2259,5.10,12395,5.30,17.57,17.57,101,4.90,4684,5.10,17.02,17.02,5.27,16307,0
^VIX,2018-05-29,VIX,2018-06-20,11.000,p,0.03,0.05,0.02,0.03,683,0,0.00,6657,0.05,17.57,17.57,0,0.00,5248,0.05,17.02,17.02,0.05,62488,0
^VIX,2018-05-29,VIX,2018-06-20,11.500,c,3.80,4.80,3.80,4.80,41,7018,4.60,11104,4.80,17.57,17.57,2463,4.40,3094,4.60,17.02,17.02,4.30,338,0
^VIX,2018-05-29,VIX,2018-06-20,11.500,p,0.08,0.13,0.05,0.05,308,9338,0.05,28437,0.10,17.57,17.57,1297,0.05,11991,0.10,17.02,17.02,0.10,5160,0
^VIX,2018-05-29,VIX,2018-06-20,12.000,c,3.09,4.71,2.80,4.19,647,10700,4.10,5121,4.30,17.57,17.57,101,4.00,600,4.10,17.02,17.02,3.46,10917,0
^VIX,2018-05-29,VIX,2018-06-20,12.000,p,0.15,0.20,0.05,0.15,1559,1804,0.10,38694,0.15,17.57,17.57,362,0.10,8269,0.15,17.02,17.02,0.11,80496,0
^VIX,2018-05-29,VIX,2018-06-20,12.500,c,2.60,4.28,2.35,3.80,496,21612,3.70,20183,3.90,17.57,17.57,5165,3.50,2216,3.70,17.02,17.02,3.24,685,0
^VIX,2018-05-29,VIX,2018-06-20,12.500,p,0.29,0.33,0.17,0.20,2404,39679,0.15,41065,0.25,17.57,17.57,8930,0.15,22203,0.25,17.02,17.02,0.24,26464,0
^VIX,2018-05-29,VIX,2018-06-20,13.000,c,2.15,3.81,2.08,3.38,856,22767,3.30,16861,3.50,17.57,17.57,327,3.20,1208,3.30,17.02,17.02,2.90,3115,0
^VIX,2018-05-29,VIX,2018-06-20,13.000,p,0.60,0.60,0.25,0.30,18833,43041,0.25,40927,0.35,17.57,17.57,11409,0.25,7512,0.35,17.02,17.02,0.38,159540,0
^VIX,2018-05-29,VIX,2018-06-20,13.500,c,2.25,3.50,1.80,2.98,1391,15879,3.00,3147,3.10,17.57,17.57,404,2.85,865,2.95,17.02,17.02,2.82,2336,0
^VIX,2018-05-29,VIX,2018-06-20,13.500,p,0.65,0.75,0.39,0.45,10835,40197,0.40,39506,0.50,17.57,17.57,15714,0.40,6549,0.50,17.02,17.02,0.54,46006,0
^VIX,2018-05-29,VIX,2018-06-20,14.000,c,2.05,3.20,1.60,2.70,1950,7215,2.70,10953,2.80,17.57,17.57,348,2.55,1645,2.65,17.02,17.02,2.40,50570,0
^VIX,2018-05-29,VIX,2018-06-20,14.000,p,0.95,1.05,0.50,0.65,11971,18722,0.60,38633,0.70,17.57,17.57,8407,0.60,6152,0.70,17.02,17.02,0.66,130299,0
^VIX,2018-05-29,VIX,2018-06-20,14.500,c,1.50,2.88,1.35,2.40,2704,260,2.45,810,2.50,17.57,17.57,9383,2.25,11139,2.40,17.02,17.02,1.89,14510,0
^VIX,2018-05-29,VIX,2018-06-20,14.500,p,1.15,1.15,0.75,0.85,5004,2,0.85,37960,0.90,17.57,17.57,738,0.85,14422,0.95,17.02,17.02,0.90,51040,0
^VIX,2018-05-29,VIX,2018-06-20,15.000,c,1.60,2.61,1.20,2.10,12405,378,2.20,29562,2.30,17.57,17.57,254,2.05,5612,2.15,17.02,17.02,1.87,141426,0
^VIX,2018-05-29,VIX,2018-06-20,15.000,p,1.35,1.65,0.95,1.15,17651,10,1.10,33264,1.15,17.57,17.57,3480,1.10,4940,1.20,17.02,17.02,1.38,205540,0
^VIX,2018-05-29,VIX,2018-06-20,16.000,c,1.30,2.15,0.95,1.70,11689,271,1.80,1250,1.85,17.57,17.57,3609,1.65,1752,1.75,17.02,17.02,1.51,115780,0
^VIX,2018-05-29,VIX,2018-06-20,16.000,p,2.25,2.40,1.53,1.75,21525,30124,1.65,30548,1.75,17.57,17.57,9281,1.70,1753,1.80,17.02,17.02,1.83,95310,0
^VIX,2018-05-29,VIX,2018-06-20,17.000,c,0.90,1.80,0.80,1.45,15928,260,1.50,8829,1.55,17.57,17.57,9479,1.35,893,1.45,17.02,17.02,1.39,116081,0
^VIX,2018-05-29,VIX,2018-06-20,17.000,p,3.10,3.10,2.15,2.45,4959,27224,2.35,33174,2.45,17.57,17.57,11073,2.40,288,2.50,17.02,17.02,2.61,74696,0
^VIX,2018-05-29,VIX,2018-06-20,18.000,c,0.65,1.50,0.65,1.25,15902,10682,1.25,35349,1.35,17.57,17.57,1616,1.15,6769,1.25,17.02,17.02,1.10,124426,0
^VIX,2018-05-29,VIX,2018-06-20,18.000,p,3.90,3.91,2.95,3.20,853,30051,3.10,10726,3.20,17.57,17.57,372,3.20,2729,3.30,17.02,17.02,3.13,42762,0
^VIX,2018-05-29,VIX,2018-06-20,19.000,c,0.75,1.30,0.65,1.00,7756,33663,1.05,30174,1.15,17.57,17.57,14477,0.95,1097,1.05,17.02,17.02,0.98,74083,0
^VIX,2018-05-29,VIX,2018-06-20,19.000,p,4.90,4.90,3.70,3.70,36,30648,3.90,33335,4.10,17.57,17.57,10516,4.00,248,4.10,17.02,17.02,4.20,19749,0
^VIX,2018-05-29,VIX,2018-06-20,20.000,c,0.65,1.13,0.50,0.85,12979,34275,0.90,28504,1.00,17.57,17.57,16640,0.80,503,0.90,17.02,17.02,0.85,264029,0
^VIX,2018-05-29,VIX,2018-06-20,20.000,p,5.69,5.80,4.84,4.84,39,35616,4.70,29589,4.90,17.57,17.57,16813,4.80,5224,5.00,17.02,17.02,5.64,5087,0
^VIX,2018-05-29,VIX,2018-06-20,21.000,c,0.55,1.00,0.48,0.82,9190,18662,0.80,3508,0.85,17.57,17.57,100,0.75,1831,0.80,17.02,17.02,0.62,162251,0
^VIX,2018-05-29,VIX,2018-06-20,21.000,p,6.60,6.60,5.70,5.70,86,29761,5.60,31342,5.80,17.57,17.57,14568,5.70,8698,5.90,17.02,17.02,6.59,915,0
^VIX,2018-05-29,VIX,2018-06-20,22.000,c,0.45,0.82,0.45,0.65,10317,17775,0.70,2755,0.75,17.57,17.57,13063,0.60,1576,0.70,17.02,17.02,0.67,96590,0
^VIX,2018-05-29,VIX,2018-06-20,22.000,p,6.40,6.40,6.40,6.40,7,30297,6.50,30672,6.70,17.57,17.57,7120,6.60,6547,6.80,17.02,17.02,6.40,546,0
^VIX,2018-05-29,VIX,2018-06-20,23.000,c,0.50,0.78,0.40,0.60,7431,35575,0.60,32257,0.70,17.57,17.57,4101,0.55,23672,0.65,17.02,17.02,0.60,105927,0
^VIX,2018-05-29,VIX,2018-06-20,23.000,p,7.28,7.28,7.28,7.28,5,30622,7.40,25614,7.60,17.57,17.57,229,7.60,1121,7.70,17.02,17.02,7.28,5525,0
^VIX,2018-05-29,VIX,2018-06-20,24.000,c,0.35,0.70,0.30,0.55,2894,19754,0.55,9587,0.60,17.57,17.57,1689,0.50,405,0.55,17.02,17.02,0.53,94670,0
^VIX,2018-05-29,VIX,2018-06-20,24.000,p,9.00,9.00,8.50,8.50,405,3676,8.40,10840,8.50,17.57,17.57,3696,8.50,4857,8.70,17.02,17.02,8.74,3879,0
^VIX,2018-05-29,VIX,2018-06-20,25.000,c,0.30,0.65,0.25,0.50,3543,10866,0.50,24179,0.55,17.57,17.57,1610,0.45,775,0.50,17.02,17.02,0.46,152314,0
^VIX,2018-05-29,VIX,2018-06-20,25.000,p,9.12,9.12,9.12,9.12,30,23681,9.30,26447,9.50,17.57,17.57,5445,9.40,3972,9.60,17.02,17.02,9.12,491,0
^VIX,2018-05-29,VIX,2018-06-20,26.000,c,0.28,0.55,0.28,0.40,5473,15789,0.45,24009,0.50,17.57,17.57,2770,0.40,236,0.45,17.02,17.02,0.45,79595,0
^VIX,2018-05-29,VIX,2018-06-20,26.000,p,10.50,10.50,10.50,10.50,49,857,10.30,9867,10.40,17.57,17.57,2391,10.40,4777,10.60,17.02,17.02,10.50,302,0
^VIX,2018-05-29,VIX,2018-06-20,27.000,c,0.25,0.48,0.25,0.48,1155,25811,0.40,11151,0.45,17.57,17.57,5197,0.35,18515,0.45,17.02,17.02,0.34,149318,0
^VIX,2018-05-29,VIX,2018-06-20,27.000,p,11.13,11.13,11.13,11.13,1,19210,11.20,21804,11.40,17.57,17.57,5535,11.30,2624,11.50,17.02,17.02,11.13,75,0
^VIX,2018-05-29,VIX,2018-06-20,28.000,c,0.25,0.45,0.25,0.35,1904,32583,0.35,40006,0.45,17.57,17.57,22961,0.30,6876,0.40,17.02,17.02,0.30,40395,0
^VIX,2018-05-29,VIX,2018-06-20,28.000,p,12.00,12.00,12.00,12.00,13,2842,12.20,2522,12.30,17.57,17.57,3950,12.30,4105,12.50,17.02,17.02,12.00,15,0
^VIX,2018-05-29,VIX,2018-06-20,29.000,c,0.25,0.40,0.25,0.35,6210,42826,0.30,27830,0.40,17.57,17.57,2477,0.30,1294,0.35,17.02,17.02,0.35,67297,0
^VIX,2018-05-29,VIX,2018-06-20,29.000,p,13.00,13.00,13.00,13.00,240,20733,13.10,16027,13.30,17.57,17.57,1923,13.30,5190,13.50,17.02,17.02,13.00,299,0
^VIX,2018-05-29,VIX,2018-06-20,30.000,c,0.21,0.35,0.15,0.32,2736,28677,0.30,9869,0.35,17.57,17.57,14639,0.25,9325,0.35,17.02,17.02,0.25,184471,0
^VIX,2018-05-29,VIX,2018-06-20,30.000,p,0.00,0.00,0.00,0.00,0,17695,14.10,21162,14.30,17.57,17.57,110,14.30,1603,14.40,17.02,17.02,0.00,7065,0
^VIX,2018-05-29,VIX,2018-06-20,32.500,c,0.20,0.30,0.20,0.25,2741,27471,0.25,24331,0.30,17.57,17.57,18592,0.20,18775,0.30,17.02,17.02,0.25,99682,0
^VIX,2018-05-29,VIX,2018-06-20,32.500,p,0.00,0.00,0.00,0.00,0,19570,16.50,6816,16.70,17.57,17.57,838,16.70,2897,16.90,17.02,17.02,0.00,226,0
^VIX,2018-05-29,VIX,2018-06-20,35.000,c,0.15,0.25,0.15,0.20,4924,28308,0.20,11778,0.25,17.57,17.57,25315,0.15,8835,0.25,17.02,17.02,0.25,42723,0
^VIX,2018-05-29,VIX,2018-06-20,35.000,p,19.90,19.90,19.05,19.05,70,8704,19.00,12890,19.20,17.57,17.57,110,19.20,1068,19.30,17.02,17.02,19.88,213,0
^VIX,2018-05-29,VIX,2018-06-20,37.500,c,0.15,0.20,0.15,0.20,50,42600,0.15,44135,0.25,17.57,17.57,3477,0.15,3460,0.20,17.02,17.02,0.16,121401,0
^VIX,2018-05-29,VIX,2018-06-20,37.500,p,0.00,0.00,0.00,0.00,0,10125,21.40,2065,21.60,17.57,17.57,1568,21.60,1820,21.80,17.02,17.02,0.00,1,0
^VIX,2018-05-29,VIX,2018-06-20,40.000,c,0.12,0.20,0.12,0.15,662,10948,0.15,28883,0.20,17.57,17.57,19,0.15,20815,0.20,17.02,17.02,0.17,108501,0
^VIX,2018-05-29,VIX,2018-06-20,40.000,p,25.38,25.49,25.38,25.49,6,7208,23.90,5696,24.10,17.57,17.57,111,24.10,1853,24.30,17.02,17.02,25.47,115,0
^VIX,2018-05-29,VIX,2018-06-20,42.500,c,0.00,0.00,0.00,0.00,0,37954,0.10,37910,0.20,17.57,17.57,8633,0.10,2098,0.15,17.02,17.02,0.00,17364,0
^VIX,2018-05-29,VIX,2018-06-20,42.500,p,0.00,0.00,0.00,0.00,0,5874,26.40,7626,26.60,17.57,17.57,110,26.60,2095,26.80,17.02,17.02,0.00,182,0
^VIX,2018-05-29,VIX,2018-06-20,45.000,c,0.10,0.15,0.10,0.15,179,33031,0.10,24456,0.15,17.57,17.57,1652,0.10,11073,0.15,17.02,17.02,0.15,104322,0
^VIX,2018-05-29,VIX,2018-06-20,45.000,p,28.90,28.90,28.90,28.90,160,276,28.90,7236,29.10,17.57,17.57,2255,29.00,1831,29.30,17.02,17.02,28.90,59,0
^VIX,2018-05-29,VIX,2018-06-20,47.500,c,0.10,0.10,0.10,0.10,100,660,0.10,39006,0.15,17.57,17.57,350,0.10,24693,0.15,17.02,17.02,0.10,41431,0
^VIX,2018-05-29,VIX,2018-06-20,47.500,p,32.30,32.30,32.30,32.30,160,7009,31.30,1601,31.50,17.57,17.57,2067,31.50,1475,31.70,17.02,17.02,32.30,10,0
^VIX,2018-05-29,VIX,2018-06-20,50.000,c,0.11,0.11,0.10,0.10,843,38575,0.05,39691,0.15,17.57,17.57,15496,0.05,429,0.10,17.02,17.02,0.10,45437,0
^VIX,2018-05-29,VIX,2018-06-20,50.000,p,34.80,34.80,34.80,34.80,30,6578,33.80,2989,34.00,17.57,17.57,1346,34.00,1685,34.20,17.02,17.02,34.80,85,0
^VIX,2018-05-29,VIX,2018-06-20,55.000,c,0.05,0.09,0.05,0.09,3027,29958,0.05,20107,0.10,17.57,17.57,1885,0.05,8464,0.10,17.02,17.02,0.09,15187,0
^VIX,2018-05-29,VIX,2018-06-20,55.000,p,0.00,0.00,0.00,0.00,0,5363,38.80,4131,39.00,17.57,17.57,110,39.00,1564,39.20,17.02,17.02,0.00,125,0
^VIX,2018-05-29,VIX,2018-06-20,60.000,c,0.03,0.05,0.03,0.05,1982,2814,0.05,29315,0.10,17.57,17.57,200,0.05,14883,0.10,17.02,17.02,0.05,54656,0
^VIX,2018-05-29,VIX,2018-06-20,60.000,p,43.50,43.50,43.50,43.50,100,4176,43.80,7054,44.00,17.57,17.57,2257,43.90,1994,44.20,17.02,17.02,43.50,199,0
^VIX,2018-05-29,VIX,2018-06-20,65.000,c,0.05,0.05,0.05,0.05,1262,0,0.00,22662,0.10,17.57,17.57,0,0.00,374,0.05,17.02,17.02,0.05,20260,0
^VIX,2018-05-29,VIX,2018-06-20,65.000,p,0.00,0.00,0.00,0.00,0,5713,48.70,5765,49.00,17.57,17.57,2259,48.90,2020,49.20,17.02,17.02,0.00,55,0
^VIX,2018-05-29,VIX,2018-06-20,70.000,c,0.00,0.00,0.00,0.00,0,0,0.00,1447,0.05,17.57,17.57,0,0.00,853,0.05,17.02,17.02,0.00,9653,0
^VIX,2018-05-29,VIX,2018-06-20,70.000,p,53.70,53.70,53.70,53.70,59,6811,53.70,1576,53.90,17.57,17.57,2250,53.90,2006,54.20,17.02,17.02,53.70,127,0
^VIX,2018-05-29,VIX,2018-06-20,75.000,c,0.00,0.00,0.00,0.00,0,0,0.00,3466,0.05,17.57,17.57,0,0.00,1835,0.05,17.02,17.02,0.00,4500,0
^VIX,2018-05-29,VIX,2018-06-20,75.000,p,59.40,59.40,58.50,58.50,288,4685,58.70,604,58.90,17.57,17.57,1660,58.90,769,59.10,17.02,17.02,58.95,109,0
^VIX,2018-05-29,VIX,2018-06-20,80.000,c,0.00,0.00,0.00,0.00,0,0,0.00,5955,0.05,17.57,17.57,0,0.00,3738,0.05,17.02,17.02,0.00,1072,0
^VIX,2018-05-29,VIX,2018-06-20,80.000,p,0.00,0.00,0.00,0.00,0,3636,63.70,1312,63.90,17.57,17.57,1060,63.90,1231,64.10,17.02,17.02,0.00,45,0
^VIX,2018-05-29,VIX,2018-06-27,10.000,c,0.00,0.00,0.00,0.00,0,50,5.30,50,6.80,17.57,17.57,50,5.20,50,6.70,17.02,17.02,0.00,1,0
^VIX,2018-05-29,VIX,2018-06-27,10.000,p,0.00,0.00,0.00,0.00,0,0,0.00,78,0.05,17.57,17.57,0,0.00,78,0.05,17.02,17.02,0.00,0,0
^VIX,2018-05-29,VIX,2018-06-27,10.500,c,0.00,0.00,0.00,0.00,0,50,4.80,50,6.30,17.57,17.57,50,4.70,50,6.20,17.02,17.02,0.00,0,0
^VIX,2018-05-29,VIX,2018-06-27,10.500,p,0.00,0.00,0.00,0.00,0,0,0.00,38,0.05,17.57,17.57,0,0.00,38,0.05,17.02,17.02,0.00,0,0
^VIX,2018-05-29,VIX,2018-06-27,11.000,c,0.00,0.00,0.00,0.00,0,50,4.30,50,5.80,17.57,17.57,50,4.30,50,5.70,17.02,17.02,0.00,0,0
^VIX,2018-05-29,VIX,2018-06-27,11.000,p,0.00,0.00,0.00,0.00,0,0,0.00,60,0.10,17.57,17.57,0,0.00,60,0.10,17.02,17.02,0.00,0,0
^VIX,2018-05-29,VIX,2018-06-27,11.500,c,0.00,0.00,0.00,0.00,0,50,3.90,50,5.40,17.57,17.57,50,3.80,50,5.30,17.02,17.02,0.00,0,0
^VIX,2018-05-29,VIX,2018-06-27,11.500,p,0.00,0.00,0.00,0.00,0,0,0.00,60,0.15,17.57,17.57,0,0.00,50,0.15,17.02,17.02,0.00,0,0
^VIX,2018-05-29,VIX,2018-06-27,12.000,c,0.00,0.00,0.00,0.00,0,50,3.40,50,4.90,17.57,17.57,50,3.40,50,4.80,17.02,17.02,0.00,1,0
^VIX,2018-05-29,VIX,2018-06-27,12.000,p,0.00,0.00,0.00,0.00,0,60,0.05,60,0.25,17.57,17.57,50,0.05,50,0.25,17.02,17.02,0.00,0,0
^VIX,2018-05-29,VIX,2018-06-27,12.500,c,3.90,3.90,3.90,3.90,15,45,3.10,60,4.50,17.57,17.57,45,3.00,60,4.40,17.02,17.02,3.90,15,0
^VIX,2018-05-29,VIX,2018-06-27,12.500,p,0.00,0.00,0.00,0.00,0,60,0.10,60,0.40,17.57,17.57,10,0.20,60,0.40,17.02,17.02,0.00,0,0
^VIX,2018-05-29,VIX,2018-06-27,13.000,c,2.30,2.30,2.30,2.30,3,60,2.75,2,3.90,17.57,17.57,60,2.70,2,3.90,17.02,17.02,2.30,31,0
^VIX,2018-05-29,VIX,2018-06-27,13.000,p,0.40,0.40,0.35,0.35,53,42,0.30,60,0.55,17.57,17.57,32,0.30,60,0.60,17.02,17.02,0.37,22,0
^VIX,2018-05-29,VIX,2018-06-27,13.500,c,0.00,0.00,0.00,0.00,0,60,2.45,60,3.80,17.57,17.57,60,2.45,60,3.70,17.02,17.02,0.00,0,0
^VIX,2018-05-29,VIX,2018-06-27,13.500,p,1.00,1.00,0.45,0.50,26,60,0.35,60,0.80,17.57,17.57,60,0.35,60,0.80,17.02,17.02,0.55,10,0
^VIX,2018-05-29,VIX,2018-06-27,14.000,c,0.00,0.00,0.00,0.00,0,60,2.20,60,3.50,17.57,17.57,60,2.15,60,3.40,17.02,17.02,0.00,2,0
^VIX,2018-05-29,VIX,2018-06-27,14.000,p,0.90,0.90,0.80,0.80,21,60,0.55,69,1.00,17.57,17.57,60,0.55,10,1.00,17.02,17.02,0.90,11,0
^VIX,2018-05-29,VIX,2018-06-27,14.500,c,1.70,1.70,1.70,1.70,1,60,2.05,60,3.10,17.57,17.57,60,2.00,60,3.10,17.02,17.02,1.70,0,0
^VIX,2018-05-29,VIX,2018-06-27,14.500,p,0.90,0.90,0.90,0.90,10,60,0.75,60,1.30,17.57,17.57,60,0.75,60,1.30,17.02,17.02,0.90,0,0
^VIX,2018-05-29,VIX,2018-06-27,15.000,c,2.45,2.57,2.45,2.57,12,60,1.85,60,2.85,17.57,17.57,60,1.80,60,2.80,17.02,17.02,2.55,20,0
^VIX,2018-05-29,VIX,2018-06-27,15.000,p,1.59,1.80,1.35,1.35,47,60,1.00,60,1.60,17.57,17.57,50,1.05,60,1.60,17.02,17.02,1.60,22,0
^VIX,2018-05-29,VIX,2018-06-27,16.000,c,1.28,2.13,1.28,2.13,52,60,1.50,60,2.40,17.57,17.57,60,1.50,60,2.35,17.02,17.02,1.83,41,0
^VIX,2018-05-29,VIX,2018-06-27,16.000,p,2.20,2.20,2.20,2.20,1,60,1.50,60,2.30,17.57,17.57,60,1.55,60,2.35,17.02,17.02,2.20,2,0
^VIX,2018-05-29,VIX,2018-06-27,17.000,c,1.15,1.18,1.08,1.18,13,60,1.30,60,2.05,17.57,17.57,60,1.25,60,2.00,17.02,17.02,1.14,0,0
^VIX,2018-05-29,VIX,2018-06-27,17.000,p,0.00,0.00,0.00,0.00,0,60,2.20,60,3.10,17.57,17.57,60,2.20,60,3.10,17.02,17.02,0.00,0,0
^VIX,2018-05-29,VIX,2018-06-27,18.000,c,1.15,1.50,1.15,1.50,12,60,1.10,60,1.75,17.57,17.57,50,1.10,60,1.70,17.02,17.02,1.35,0,0
^VIX,2018-05-29,VIX,2018-06-27,18.000,p,0.00,0.00,0.00,0.00,0,60,2.90,60,3.90,17.57,17.57,60,2.95,60,3.90,17.02,17.02,0.00,0,0
^VIX,2018-05-29,VIX,2018-06-27,19.000,c,1.13,1.13,1.13,1.13,4,60,0.95,60,1.55,17.57,17.57,60,0.90,60,1.50,17.02,17.02,1.13,2,0
^VIX,2018-05-29,VIX,2018-06-27,19.000,p,4.43,4.45,4.43,4.45,5,60,3.60,60,4.80,17.57,17.57,60,3.70,60,4.80,17.02,17.02,4.43,0,0
^VIX,2018-05-29,VIX,2018-06-27,20.000,c,1.13,1.13,1.13,1.13,4,60,0.80,60,1.35,17.57,17.57,50,0.80,60,1.30,17.02,17.02,1.13,1,0
^VIX,2018-05-29,VIX,2018-06-27,20.000,p,5.75,5.75,5.37,5.37,15,60,4.40,60,5.60,17.57,17.57,60,4.50,60,5.70,17.02,17.02,5.50,0,0
^VIX,2018-05-29,VIX,2018-06-27,21.000,c,0.63,0.95,0.63,0.95,15,60,0.70,60,1.20,17.57,17.57,50,0.70,60,1.20,17.02,17.02,0.65,3,0
^VIX,2018-05-29,VIX,2018-06-27,21.000,p,6.20,6.20,6.20,6.20,1,35,5.30,35,6.50,17.57,17.57,35,5.30,35,6.60,17.02,17.02,6.20,10,0
^VIX,2018-05-29,VIX,2018-06-27,22.000,c,0.45,0.77,0.45,0.77,8,60,0.60,60,1.10,17.57,17.57,50,0.60,60,1.05,17.02,17.02,0.61,1,0
^VIX,2018-05-29,VIX,2018-06-27,22.000,p,0.00,0.00,0.00,0.00,0,35,6.10,35,7.40,17.57,17.57,35,6.20,35,7.50,17.02,17.02,0.00,0,0
^VIX,2018-05-29,VIX,2018-06-27,23.000,c,0.95,0.95,0.95,0.95,1,60,0.55,59,1.00,17.57,17.57,50,0.55,59,0.95,17.02,17.02,0.95,2,0
^VIX,2018-05-29,VIX,2018-06-27,23.000,p,0.00,0.00,0.00,0.00,0,35,7.00,35,8.40,17.57,17.57,35,7.10,35,8.40,17.02,17.02,0.00,0,0
^VIX,2018-05-29,VIX,2018-06-27,24.000,c,0.50,0.50,0.50,0.50,1,60,0.50,60,0.90,17.57,17.57,60,0.45,60,0.85,17.02,17.02,0.50,0,0
^VIX,2018-05-29,VIX,2018-06-27,24.000,p,0.00,0.00,0.00,0.00,0,35,8.00,35,9.30,17.57,17.57,35,8.00,35,9.30,17.02,17.02,0.00,0,0
^VIX,2018-05-29,VIX,2018-06-27,25.000,c,0.60,0.60,0.60,0.60,50,60,0.45,60,0.80,17.57,17.57,50,0.45,50,0.75,17.02,17.02,0.60,1,0
^VIX,2018-05-29,VIX,2018-06-27,25.000,p,0.00,0.00,0.00,0.00,0,35,8.90,35,10.20,17.57,17.57,35,9.00,35,10.30,17.02,17.02,0.00,0,0
^VIX,2018-05-29,VIX,2018-06-27,30.000,c,0.00,0.00,0.00,0.00,0,60,0.30,60,0.55,17.57,17.57,50,0.30,60,0.55,17.02,17.02,0.00,0,0
^VIX,2018-05-29,VIX,2018-06-27,30.000,p,0.00,0.00,0.00,0.00,0,35,13.60,35,15.10,17.57,17.57,35,13.70,35,15.10,17.02,17.02,0.00,0,0
^VIX,2018-05-29,VIX,2018-06-27,35.000,c,0.00,0.00,0.00,0.00,0,60,0.20,60,0.40,17.57,17.57,50,0.20,60,0.40,17.02,17.02,0.00,1,0
^VIX,2018-05-29,VIX,2018-06-27,35.000,p,0.00,0.00,0.00,0.00,0,25,18.50,25,20.00,17.57,17.57,25,18.60,25,20.00,17.02,17.02,0.00,0,0
^VIX,2018-05-29,VIX,2018-06-27,40.000,c,0.00,0.00,0.00,0.00,0,60,0.15,60,0.30,17.57,17.57,10,0.20,50,0.30,17.02,17.02,0.00,0,0
^VIX,2018-05-29,VIX,2018-06-27,40.000,p,0.00,0.00,0.00,0.00,0,25,23.40,25,24.90,17.57,17.57,25,23.50,25,24.90,17.02,17.02,0.00,0,0
^VIX,2018-05-29,VIX,2018-06-27,45.000,c,0.13,0.13,0.13,0.13,4,60,0.10,60,0.25,17.57,17.57,50,0.10,60,0.25,17.02,17.02,0.13,0,0
^VIX,2018-05-29,VIX,2018-06-27,45.000,p,0.00,0.00,0.00,0.00,0,25,28.30,25,29.80,17.57,17.57,25,28.40,25,29.90,17.02,17.02,0.00,0,0
^VIX,2018-05-29,VIX,2018-07-18,10.000,c,5.20,6.20,5.10,6.20,117,152,6.00,5545,6.20,17.57,17.57,2638,6.00,1121,6.20,17.02,17.02,5.93,15084,0
^VIX,2018-05-29,VIX,2018-07-18,10.000,p,0.03,0.05,0.02,0.05,94,0,0.00,19846,0.05,17.57,17.57,0,0.00,15166,0.05,17.02,17.02,0.04,16389,0
^VIX,2018-05-29,VIX,2018-07-18,10.500,c,4.90,4.90,4.90,4.90,250,4495,5.50,9295,5.70,17.57,17.57,2973,5.50,3220,5.80,17.02,17.02,4.90,0,0
^VIX,2018-05-29,VIX,2018-07-18,10.500,p,0.00,0.00,0.00,0.00,0,0,0.00,28876,0.10,17.57,17.57,0,0.00,20316,0.10,17.02,17.02,0.00,305,0
^VIX,2018-05-29,VIX,2018-07-18,11.000,c,4.80,4.80,4.80,4.80,5,8587,5.00,5710,5.20,17.57,17.57,1925,5.10,3128,5.30,17.02,17.02,4.80,310,0
^VIX,2018-05-29,VIX,2018-07-18,11.000,p,0.12,0.13,0.07,0.10,391,25988,0.05,32800,0.15,17.57,17.57,9359,0.05,27373,0.15,17.02,17.02,0.10,63717,0
^VIX,2018-05-29,VIX,2018-07-18,11.500,c,3.93,3.93,3.93,3.93,4,5139,4.60,7074,4.80,17.57,17.57,3236,4.60,3376,4.90,17.02,17.02,3.93,1,0
^VIX,2018-05-29,VIX,2018-07-18,11.500,p,0.18,0.20,0.15,0.15,341,31711,0.10,31486,0.20,17.57,17.57,14628,0.10,18892,0.20,17.02,17.02,0.18,835,0
^VIX,2018-05-29,VIX,2018-07-18,12.000,c,3.52,4.20,3.50,4.20,37,9650,4.20,12452,4.40,17.57,17.57,4294,4.20,640,4.40,17.02,17.02,4.02,243,0
^VIX,2018-05-29,VIX,2018-07-18,12.000,p,0.32,0.34,0.25,0.25,443,37712,0.20,37407,0.30,17.57,17.57,500,0.25,22714,0.30,17.02,17.02,0.27,33285,0
^VIX,2018-05-29,VIX,2018-07-18,12.500,c,3.20,3.60,3.13,3.60,57,360,3.90,13675,4.00,17.57,17.57,4161,3.90,6315,4.10,17.02,17.02,3.15,215,0
^VIX,2018-05-29,VIX,2018-07-18,12.500,p,0.45,0.45,0.40,0.40,5,33092,0.35,708,0.40,17.57,17.57,11,0.35,3731,0.40,17.02,17.02,0.41,1310,0
^VIX,2018-05-29,VIX,2018-07-18,13.000,c,2.91,3.80,2.80,3.65,193,22110,3.50,21174,3.70,17.57,17.57,5008,3.50,569,3.70,17.02,17.02,3.28,1316,0
^VIX,2018-05-29,VIX,2018-07-18,13.000,p,0.64,0.73,0.52,0.56,8475,35832,0.50,34323,0.60,17.57,17.57,3932,0.50,336,0.55,17.02,17.02,0.58,45390,0
^VIX,2018-05-29,VIX,2018-07-18,13.500,c,2.70,3.30,2.70,3.30,543,24851,3.20,22651,3.40,17.57,17.57,3993,3.20,1731,3.40,17.02,17.02,2.72,339,0
^VIX,2018-05-29,VIX,2018-07-18,13.500,p,0.95,0.95,0.70,0.70,108,33784,0.70,33135,0.80,17.57,17.57,1314,0.70,811,0.75,17.02,17.02,0.91,1303,0
^VIX,2018-05-29,VIX,2018-07-18,14.000,c,2.40,3.20,2.20,3.00,772,448,3.00,23264,3.10,17.57,17.57,2660,3.00,188,3.10,17.02,17.02,2.79,6570,0
^VIX,2018-05-29,VIX,2018-07-18,14.000,p,1.15,1.20,0.95,0.97,4799,13382,0.95,25070,1.05,17.57,17.57,7295,0.90,3538,1.00,17.02,17.02,0.97,74666,0
^VIX,2018-05-29,VIX,2018-07-18,14.500,c,2.17,2.40,2.17,2.40,55,2433,2.75,16566,2.85,17.57,17.57,4981,2.75,6376,2.90,17.02,17.02,2.29,2960,0
^VIX,2018-05-29,VIX,2018-07-18,14.500,p,1.55,1.55,1.20,1.20,10743,25696,1.20,35781,1.30,17.57,17.57,6993,1.15,2330,1.25,17.02,17.02,1.23,3833,0
^VIX,2018-05-29,VIX,2018-07-18,15.000,c,2.08,2.76,1.89,2.55,5242,405,2.55,21291,2.65,17.57,17.57,2066,2.55,481,2.65,17.02,17.02,2.39,21912,0
^VIX,2018-05-29,VIX,2018-07-18,15.000,p,1.72,1.85,1.45,1.51,3482,2104,1.50,525,1.55,17.57,17.57,1751,1.45,7914,1.55,17.02,17.02,1.67,51138,0
^VIX,2018-05-29,VIX,2018-07-18,16.000,c,1.70,2.30,1.55,2.18,2952,21221,2.15,624,2.25,17.57,17.57,380,2.20,2926,2.30,17.02,17.02,2.12,19525,0
^VIX,2018-05-29,VIX,2018-07-18,16.000,p,2.45,2.47,2.09,2.17,3159,27975,2.10,7443,2.20,17.57,17.57,7441,2.05,1513,2.15,17.02,17.02,2.23,49245,0
^VIX,2018-05-29,VIX,2018-07-18,17.000,c,1.50,2.04,1.30,1.88,5069,546,1.90,27923,2.00,17.57,17.57,350,1.90,3247,2.00,17.02,17.02,1.81,41536,0
^VIX,2018-05-29,VIX,2018-07-18,17.000,p,3.04,3.10,2.85,2.90,578,29533,2.80,3493,2.90,17.57,17.57,5619,2.75,1642,2.85,17.02,17.02,2.88,25470,0
^VIX,2018-05-29,VIX,2018-07-18,18.000,c,1.26,1.81,1.23,1.75,1081,2540,1.65,33013,1.75,17.57,17.57,1047,1.65,2429,1.75,17.02,17.02,1.58,30923,0
^VIX,2018-05-29,VIX,2018-07-18,18.000,p,4.09,4.09,3.59,3.60,22,35514,3.50,31099,3.70,17.57,17.57,5576,3.50,7250,3.70,17.02,17.02,3.71,14502,0
^VIX,2018-05-29,VIX,2018-07-18,19.000,c,1.05,1.52,1.05,1.52,5153,6981,1.45,32920,1.55,17.57,17.57,1004,1.45,3601,1.55,17.02,17.02,1.35,16347,0
^VIX,2018-05-29,VIX,2018-07-18,19.000,p,5.00,5.00,4.40,4.40,24,35463,4.30,29958,4.50,17.57,17.57,3388,4.30,342,4.40,17.02,17.02,4.57,8096,0
^VIX,2018-05-29,VIX,2018-07-18,20.000,c,0.97,1.43,0.95,1.30,1819,1475,1.30,24295,1.40,17.57,17.57,216,1.30,6300,1.40,17.02,17.02,1.12,92189,0
^VIX,2018-05-29,VIX,2018-07-18,20.000,p,5.74,5.74,5.57,5.57,12,15066,5.20,1151,5.30,17.57,17.57,14311,5.10,13613,5.30,17.02,17.02,5.60,4551,0
^VIX,2018-05-29,VIX,2018-07-18,21.000,c,0.85,1.30,0.85,1.15,1474,17323,1.15,32881,1.25,17.57,17.57,1603,1.15,5255,1.25,17.02,17.02,1.06,61018,0
^VIX,2018-05-29,VIX,2018-07-18,21.000,p,6.20,6.20,6.20,6.20,1,32277,6.00,27604,6.20,17.57,17.57,1362,6.00,1305,6.10,17.02,17.02,6.20,97,0
^VIX,2018-05-29,VIX,2018-07-18,22.000,c,0.80,1.15,0.75,1.05,3055,1591,1.05,3112,1.10,17.57,17.57,18932,1.00,815,1.10,17.02,17.02,1.08,58290,0
^VIX,2018-05-29,VIX,2018-07-18,22.000,p,6.95,6.95,6.95,6.95,7,29792,6.90,27889,7.10,17.57,17.57,14785,6.80,3083,7.00,17.02,17.02,6.95,49,0
^VIX,2018-05-29,VIX,2018-07-18,23.000,c,0.70,1.05,0.67,0.95,211,1006,0.95,9896,1.00,17.57,17.57,19082,0.90,1833,1.00,17.02,17.02,0.92,26111,0
^VIX,2018-05-29,VIX,2018-07-18,23.000,p,8.00,8.00,7.83,7.83,13,28395,7.80,28754,8.00,17.57,17.57,12427,7.70,2520,7.90,17.02,17.02,7.93,903,0
^VIX,2018-05-29,VIX,2018-07-18,24.000,c,0.60,0.90,0.60,0.90,358,7841,0.85,746,0.90,17.57,17.57,378,0.85,261,0.90,17.02,17.02,0.78,20210,0
^VIX,2018-05-29,VIX,2018-07-18,24.000,p,0.00,0.00,0.00,0.00,0,26119,8.70,25653,8.90,17.57,17.57,12655,8.60,1560,8.80,17.02,17.02,0.00,55,0
^VIX,2018-05-29,VIX,2018-07-18,25.000,c,0.58,0.85,0.55,0.75,1233,34007,0.75,24623,0.85,17.57,17.57,13927,0.75,100,0.80,17.02,17.02,0.66,114796,0
^VIX,2018-05-29,VIX,2018-07-18,25.000,p,0.00,0.00,0.00,0.00,0,25638,9.60,14364,9.80,17.57,17.57,309,9.60,380,9.70,17.02,17.02,0.00,268,0
^VIX,2018-05-29,VIX,2018-07-18,26.000,c,0.60,0.70,0.60,0.70,18,21805,0.70,692,0.75,17.57,17.57,1205,0.70,318,0.75,17.02,17.02,0.68,36103,0
^VIX,2018-05-29,VIX,2018-07-18,26.000,p,0.00,0.00,0.00,0.00,0,2973,10.60,2607,10.70,17.57,17.57,3921,10.50,3274,10.70,17.02,17.02,0.00,361,0
^VIX,2018-05-29,VIX,2018-07-18,27.000,c,0.45,0.65,0.45,0.65,10010,16096,0.65,3678,0.70,17.57,17.57,347,0.65,1088,0.70,17.02,17.02,0.57,49844,0
^VIX,2018-05-29,VIX,2018-07-18,27.000,p,11.63,11.63,11.63,11.63,1,21774,11.50,22482,11.70,17.57,17.57,5628,11.40,2451,11.60,17.02,17.02,11.63,18,0
^VIX,2018-05-29,VIX,2018-07-18,28.000,c,0.64,0.64,0.62,0.62,210,4601,0.60,15128,0.65,17.57,17.57,21835,0.55,2132,0.65,17.02,17.02,0.64,90858,0
^VIX,2018-05-29,VIX,2018-07-18,28.000,p,0.00,0.00,0.00,0.00,0,25096,12.40,7493,12.60,17.57,17.57,1392,12.40,309,12.50,17.02,17.02,0.00,22,0
^VIX,2018-05-29,VIX,2018-07-18,29.000,c,0.43,0.55,0.43,0.55,1097,15441,0.55,7285,0.60,17.57,17.57,561,0.55,1554,0.60,17.02,17.02,0.43,109917,0
^VIX,2018-05-29,VIX,2018-07-18,29.000,p,0.00,0.00,0.00,0.00,0,16925,13.40,22618,13.60,17.57,17.57,5402,13.30,3080,13.50,17.02,17.02,0.00,900,0
^VIX,2018-05-29,VIX,2018-07-18,30.000,c,0.40,0.53,0.38,0.53,474,25077,0.50,725,0.55,17.57,17.57,2436,0.50,290,0.55,17.02,17.02,0.45,135041,0
^VIX,2018-05-29,VIX,2018-07-18,30.000,p,0.00,0.00,0.00,0.00,0,22614,14.30,3663,14.50,17.57,17.57,1597,14.30,2481,14.50,17.02,17.02,0.00,88,0
^VIX,2018-05-29,VIX,2018-07-18,32.500,c,0.33,0.45,0.33,0.45,749,38125,0.40,30849,0.50,17.57,17.57,8623,0.40,9100,0.50,17.02,17.02,0.40,27833,0
^VIX,2018-05-29,VIX,2018-07-18,32.500,p,0.00,0.00,0.00,0.00,0,19123,16.70,2525,16.90,17.57,17.57,1111,16.70,1845,16.90,17.02,17.02,0.00,16,0
^VIX,2018-05-29,VIX,2018-07-18,35.000,c,0.30,0.33,0.30,0.33,636,26203,0.35,2595,0.40,17.57,17.57,2423,0.35,560,0.40,17.02,17.02,0.30,44814,0
^VIX,2018-05-29,VIX,2018-07-18,35.000,p,20.13,20.21,20.13,20.21,6,5367,19.20,11585,19.40,17.57,17.57,2415,19.10,955,19.30,17.02,17.02,20.20,35,0
^VIX,2018-05-29,VIX,2018-07-18,37.500,c,0.00,0.00,0.00,0.00,0,20564,0.30,9643,0.35,17.57,17.57,2220,0.30,1287,0.35,17.02,17.02,0.00,4259,0
^VIX,2018-05-29,VIX,2018-07-18,37.500,p,0.00,0.00,0.00,0.00,0,9435,21.60,6002,21.80,17.57,17.57,2482,21.50,603,21.70,17.02,17.02,0.00,21,0
^VIX,2018-05-29,VIX,2018-07-18,40.000,c,0.20,0.31,0.20,0.31,14,32599,0.25,2693,0.30,17.57,17.57,3670,0.25,997,0.30,17.02,17.02,0.26,35664,0
^VIX,2018-05-29,VIX,2018-07-18,40.000,p,0.00,0.00,0.00,0.00,0,8913,24.00,7014,24.30,17.57,17.57,401,24.00,990,24.20,17.02,17.02,0.00,158,0
^VIX,2018-05-29,VIX,2018-07-18,42.500,c,0.25,0.25,0.25,0.25,20,20,0.25,28245,0.30,17.57,17.57,10323,0.20,18814,0.30,17.02,17.02,0.25,57264,0
^VIX,2018-05-29,VIX,2018-07-18,42.500,p,0.00,0.00,0.00,0.00,0,7436,26.50,4084,26.70,17.57,17.57,2278,26.40,586,26.60,17.02,17.02,0.00,0,0
^VIX,2018-05-29,VIX,2018-07-18,45.000,c,0.00,0.00,0.00,0.00,0,28709,0.15,20121,0.25,17.57,17.57,18143,0.15,6992,0.25,17.02,17.02,0.00,16169,0
^VIX,2018-05-29,VIX,2018-07-18,45.000,p,0.00,0.00,0.00,0.00,0,10294,28.90,6784,29.20,17.57,17.57,1098,28.90,1017,29.10,17.02,17.02,0.00,62,0
^VIX,2018-05-29,VIX,2018-07-18,47.500,c,0.00,0.00,0.00,0.00,0,27813,0.15,259,0.20,17.57,17.57,6266,0.15,669,0.20,17.02,17.02,0.00,1828,0
^VIX,2018-05-29,VIX,2018-07-18,47.500,p,0.00,0.00,0.00,0.00,0,7730,31.40,1130,31.60,17.57,17.57,101,31.40,1070,31.60,17.02,17.02,0.00,0,0
^VIX,2018-05-29,VIX,2018-07-18,50.000,c,0.15,0.15,0.15,0.15,162,4161,0.15,21962,0.20,17.57,17.57,427,0.15,5165,0.20,17.02,17.02,0.15,10666,0
^VIX,2018-05-29,VIX,2018-07-18,50.000,p,0.00,0.00,0.00,0.00,0,7322,33.90,4844,34.10,17.57,17.57,2411,33.80,698,34.00,17.02,17.02,0.00,0,0
^VIX,2018-05-29,VIX,2018-07-18,55.000,c,0.10,0.10,0.10,0.10,250,25237,0.10,1866,0.15,17.57,17.57,4696,0.10,2127,0.15,17.02,17.02,0.10,3834,0
^VIX,2018-05-29,VIX,2018-07-18,55.000,p,0.00,0.00,0.00,0.00,0,2408,38.80,1175,39.10,17.57,17.57,2230,38.70,1220,39.00,17.02,17.02,0.00,75,0
^VIX,2018-05-29,VIX,2018-07-18,60.000,c,0.00,0.00,0.00,0.00,0,27986,0.05,24267,0.15,17.57,17.57,22238,0.05,12279,0.15,17.02,17.02,0.00,16156,0
^VIX,2018-05-29,VIX,2018-07-18,60.000,p,0.00,0.00,0.00,0.00,0,1957,43.80,924,44.00,17.57,17.57,2118,43.70,1641,44.00,17.02,17.02,0.00,0,0
^VIX,2018-05-29,VIX,2018-07-18,65.000,c,0.00,0.00,0.00,0.00,0,27935,0.05,26386,0.15,17.57,17.57,14994,0.05,21657,0.15,17.02,17.02,0.00,176,0
^VIX,2018-05-29,VIX,2018-07-18,65.000,p,0.00,0.00,0.00,0.00,0,2878,48.70,1413,49.00,17.57,17.57,1572,48.70,1425,48.90,17.02,17.02,0.00,200,0
^VIX,2018-05-29,VIX,2018-07-18,70.000,c,0.00,0.00,0.00,0.00,0,21261,0.05,17854,0.10,17.57,17.57,3030,0.05,3770,0.10,17.02,17.02,0.00,1608,0
^VIX,2018-05-29,VIX,2018-07-18,70.000,p,0.00,0.00,0.00,0.00,0,2408,53.70,1608,54.00,17.57,17.57,2230,53.60,1502,53.90,17.02,17.02,0.00,667,0
^VIX,2018-05-29,VIX,2018-07-18,75.000,c,0.00,0.00,0.00,0.00,0,1444,0.05,16052,0.10,17.57,17.57,414,0.05,10381,0.10,17.02,17.02,0.00,17593,0
^VIX,2018-05-29,VIX,2018-07-18,75.000,p,0.00,0.00,0.00,0.00,0,2259,58.70,2533,59.00,17.57,17.57,2015,58.60,1435,58.90,17.02,17.02,0.00,15,0
^VIX,2018-05-29,VIX,2018-07-18,80.000,c,0.03,0.05,0.03,0.05,30,0,0.00,20023,0.10,17.57,17.57,0,0.00,15721,0.10,17.02,17.02,0.04,1425,0
^VIX,2018-05-29,VIX,2018-07-18,80.000,p,0.00,0.00,0.00,0.00,0,1148,63.70,1563,63.90,17.57,17.57,2110,63.60,872,63.80,17.02,17.02,0.00,50,0
^VIX,2018-05-29,VIX,2018-08-22,10.000,c,5.90,6.30,5.80,6.30,23,4894,6.00,5456,6.20,17.57,17.57,2736,6.00,3198,6.30,17.02,17.02,6.15,400,0
^VIX,2018-05-29,VIX,2018-08-22,10.000,p,0.05,0.08,0.05,0.08,291,0,0.00,29227,0.10,17.57,17.57,0,0.00,14790,0.10,17.02,17.02,0.08,4851,0
^VIX,2018-05-29,VIX,2018-08-22,11.000,c,0.00,0.00,0.00,0.00,0,6632,5.10,6670,5.30,17.57,17.57,2726,5.10,3097,5.40,17.02,17.02,0.00,37,0
^VIX,2018-05-29,VIX,2018-08-22,11.000,p,0.15,0.15,0.15,0.15,147,30422,0.10,200,0.15,17.57,17.57,7403,0.10,300,0.15,17.02,17.02,0.15,7202,0
^VIX,2018-05-29,VIX,2018-08-22,12.000,c,3.90,4.60,3.90,4.60,35,18994,4.30,14180,4.50,17.57,17.57,874,4.40,5873,4.60,17.02,17.02,4.20,107,0
^VIX,2018-05-29,VIX,2018-08-22,12.000,p,0.38,0.38,0.35,0.35,32,34153,0.30,31691,0.40,17.57,17.57,6236,0.30,9915,0.40,17.02,17.02,0.37,5452,0
^VIX,2018-05-29,VIX,2018-08-22,13.000,c,3.35,3.91,3.20,3.90,92,6717,3.70,2898,3.80,17.57,17.57,6420,3.70,4903,3.90,17.02,17.02,3.48,551,0
^VIX,2018-05-29,VIX,2018-08-22,13.000,p,0.75,0.75,0.68,0.70,25,26237,0.65,34114,0.75,17.57,17.57,701,0.65,1445,0.70,17.02,17.02,0.71,2345,0
^VIX,2018-05-29,VIX,2018-08-22,14.000,c,2.75,3.20,2.75,3.20,110,27381,3.10,20454,3.30,17.57,17.57,975,3.20,127,3.30,17.02,17.02,3.04,520,0
^VIX,2018-05-29,VIX,2018-08-22,14.000,p,1.20,1.25,1.18,1.18,53,31752,1.10,21863,1.20,17.57,17.57,801,1.10,9962,1.20,17.02,17.02,1.20,20375,0
^VIX,2018-05-29,VIX,2018-08-22,15.000,c,2.39,2.90,2.35,2.75,965,7430,2.75,16878,2.85,17.57,17.57,7435,2.75,3242,2.90,17.02,17.02,2.65,4198,0
^VIX,2018-05-29,VIX,2018-08-22,15.000,p,1.95,1.95,1.70,1.75,973,33148,1.65,9312,1.75,17.57,17.57,1214,1.65,4039,1.75,17.02,17.02,1.72,10575,0
^VIX,2018-05-29,VIX,2018-08-22,16.000,c,2.02,2.40,2.02,2.40,379,11236,2.40,20931,2.50,17.57,17.57,5474,2.40,3897,2.55,17.02,17.02,2.04,3990,0
^VIX,2018-05-29,VIX,2018-08-22,16.000,p,2.41,2.60,2.30,2.30,179,27301,2.30,14585,2.40,17.57,17.57,12887,2.25,372,2.35,17.02,17.02,2.43,19122,0
^VIX,2018-05-29,VIX,2018-08-22,17.000,c,1.90,2.25,1.80,2.25,182,19105,2.10,18403,2.20,17.57,17.57,10500,2.10,10,2.20,17.02,17.02,1.94,11416,0
^VIX,2018-05-29,VIX,2018-08-22,17.000,p,3.20,3.20,3.20,3.20,8,25535,3.00,2789,3.10,17.57,17.57,8559,2.95,4424,3.10,17.02,17.02,3.20,10607,0
^VIX,2018-05-29,VIX,2018-08-22,18.000,c,1.50,2.00,1.50,1.92,658,27266,1.85,15075,1.95,17.57,17.57,15250,1.85,4214,2.00,17.02,17.02,1.86,17441,0
^VIX,2018-05-29,VIX,2018-08-22,18.000,p,3.83,3.90,3.80,3.90,18,34651,3.70,29679,3.90,17.57,17.57,7060,3.70,13613,3.90,17.02,17.02,3.84,8232,0
^VIX,2018-05-29,VIX,2018-08-22,19.000,c,1.50,1.79,1.46,1.70,91,28447,1.65,17853,1.75,17.57,17.57,8856,1.65,5657,1.80,17.02,17.02,1.68,8886,0
^VIX,2018-05-29,VIX,2018-08-22,19.000,p,4.90,4.90,4.90,4.90,1,32381,4.50,30865,4.70,17.57,17.57,1538,4.50,218,4.60,17.02,17.02,4.90,2752,0
^VIX,2018-05-29,VIX,2018-08-22,20.000,c,1.30,1.60,1.30,1.53,2223,14805,1.50,19966,1.60,17.57,17.57,2464,1.50,3112,1.60,17.02,17.02,1.40,71323,0
^VIX,2018-05-29,VIX,2018-08-22,20.000,p,5.60,5.60,5.60,5.60,1,32254,5.30,21788,5.50,17.57,17.57,7764,5.30,12607,5.50,17.02,17.02,5.60,4822,0
^VIX,2018-05-29,VIX,2018-08-22,21.000,c,1.35,1.46,1.35,1.35,138,20308,1.35,22103,1.45,17.57,17.57,2851,1.35,3503,1.45,17.02,17.02,1.35,11456,0
^VIX,2018-05-29,VIX,2018-08-22,21.000,p,0.00,0.00,0.00,0.00,0,23893,6.20,28514,6.40,17.57,17.57,16380,6.10,3279,6.30,17.02,17.02,0.00,376,0
^VIX,2018-05-29,VIX,2018-08-22,22.000,c,1.10,1.25,1.10,1.25,16,30980,1.20,15512,1.30,17.57,17.57,10869,1.20,632,1.30,17.02,17.02,1.21,3789,0
^VIX,2018-05-29,VIX,2018-08-22,22.000,p,0.00,0.00,0.00,0.00,0,10289,7.10,9540,7.20,17.57,17.57,9179,7.00,10828,7.20,17.02,17.02,0.00,6,0
^VIX,2018-05-29,VIX,2018-08-22,23.000,c,1.10,1.17,1.10,1.17,511,31571,1.10,19107,1.20,17.57,17.57,8306,1.10,1011,1.20,17.02,17.02,1.17,3085,0
^VIX,2018-05-29,VIX,2018-08-22,23.000,p,0.00,0.00,0.00,0.00,0,30584,7.90,15233,8.10,17.57,17.57,6209,7.90,10874,8.10,17.02,17.02,0.00,454,0
^VIX,2018-05-29,VIX,2018-08-22,24.000,c,1.05,1.05,1.00,1.05,32,31650,1.00,18946,1.10,17.57,17.57,9293,1.00,1005,1.10,17.02,17.02,1.03,1705,0
^VIX,2018-05-29,VIX,2018-08-22,24.000,p,0.00,0.00,0.00,0.00,0,28648,8.80,11239,9.00,17.57,17.57,5055,8.80,8248,9.00,17.02,17.02,0.00,0,0
^VIX,2018-05-29,VIX,2018-08-22,25.000,c,0.81,1.00,0.80,0.95,220,6790,0.95,3957,1.00,17.57,17.57,17287,0.90,240,1.00,17.02,17.02,0.96,40312,0
^VIX,2018-05-29,VIX,2018-08-22,25.000,p,9.78,9.78,9.78,9.78,30,28170,9.70,6848,9.90,17.57,17.57,4955,9.70,6702,9.90,17.02,17.02,9.78,25,0
^VIX,2018-05-29,VIX,2018-08-22,26.000,c,0.00,0.00,0.00,0.00,0,26666,0.85,21228,0.95,17.57,17.57,7134,0.85,2228,0.95,17.02,17.02,0.00,1682,0
^VIX,2018-05-29,VIX,2018-08-22,26.000,p,0.00,0.00,0.00,0.00,0,9736,10.70,726,10.80,17.57,17.57,5066,10.60,3488,10.80,17.02,17.02,0.00,0,0
^VIX,2018-05-29,VIX,2018-08-22,27.000,c,0.00,0.00,0.00,0.00,0,18588,0.80,997,0.85,17.57,17.57,2497,0.80,187,0.85,17.02,17.02,0.00,23130,0
^VIX,2018-05-29,VIX,2018-08-22,27.000,p,0.00,0.00,0.00,0.00,0,17781,11.60,20289,11.80,17.57,17.57,4710,11.50,475,11.70,17.02,17.02,0.00,100,0
^VIX,2018-05-29,VIX,2018-08-22,28.000,c,0.75,0.75,0.75,0.75,3,11134,0.75,6395,0.80,17.57,17.57,19552,0.70,432,0.80,17.02,17.02,0.75,15316,0
^VIX,2018-05-29,VIX,2018-08-22,28.000,p,0.00,0.00,0.00,0.00,0,21290,12.50,8254,12.70,17.57,17.57,1514,12.50,100,12.60,17.02,17.02,0.00,0,0
^VIX,2018-05-29,VIX,2018-08-22,29.000,c,0.00,0.00,0.00,0.00,0,5610,0.70,12713,0.75,17.57,17.57,14607,0.65,976,0.75,17.02,17.02,0.00,28331,0
^VIX,2018-05-29,VIX,2018-08-22,29.000,p,13.50,13.50,13.50,13.50,240,11889,13.50,18855,13.70,17.57,17.57,4035,13.40,2339,13.60,17.02,17.02,13.50,0,0
^VIX,2018-05-29,VIX,2018-08-22,30.000,c,0.52,0.65,0.51,0.65,507,9647,0.65,13333,0.70,17.57,17.57,16848,0.60,1073,0.70,17.02,17.02,0.53,20119,0
^VIX,2018-05-29,VIX,2018-08-22,30.000,p,0.00,0.00,0.00,0.00,0,19914,14.40,13460,14.60,17.57,17.57,5746,14.30,301,14.50,17.02,17.02,0.00,74,0
^VIX,2018-05-29,VIX,2018-08-22,32.500,c,0.60,0.60,0.60,0.60,15,10794,0.55,14316,0.60,17.57,17.57,17262,0.50,1154,0.60,17.02,17.02,0.60,5314,0
^VIX,2018-05-29,VIX,2018-08-22,32.500,p,0.00,0.00,0.00,0.00,0,15757,16.80,14100,17.00,17.57,17.57,3165,16.70,362,16.90,17.02,17.02,0.00,0,0
^VIX,2018-05-29,VIX,2018-08-22,35.000,c,0.40,0.40,0.40,0.40,2,31158,0.45,188,0.50,17.57,17.57,4689,0.45,168,0.50,17.02,17.02,0.40,52604,0
^VIX,2018-05-29,VIX,2018-08-22,35.000,p,19.31,19.31,19.31,19.31,1,14019,19.20,7813,19.40,17.57,17.57,3139,19.10,305,19.30,17.02,17.02,19.31,0,0
^VIX,2018-05-29,VIX,2018-08-22,37.500,c,0.30,0.34,0.30,0.34,110,18851,0.40,2886,0.45,17.57,17.57,2473,0.40,1008,0.45,17.02,17.02,0.34,57204,0
^VIX,2018-05-29,VIX,2018-08-22,37.500,p,0.00,0.00,0.00,0.00,0,10755,21.60,1938,21.80,17.57,17.57,2276,21.50,728,21.80,17.02,17.02,0.00,0,0
^VIX,2018-05-29,VIX,2018-08-22,40.000,c,0.00,0.00,0.00,0.00,0,14691,0.35,10890,0.40,17.57,17.57,531,0.35,1149,0.40,17.02,17.02,0.00,19598,0
^VIX,2018-05-29,VIX,2018-08-22,40.000,p,0.00,0.00,0.00,0.00,0,5059,24.10,9506,24.30,17.57,17.57,1919,24.00,671,24.20,17.02,17.02,0.00,1165,0
^VIX,2018-05-29,VIX,2018-08-22,42.500,c,0.25,0.25,0.25,0.25,2,23374,0.30,1699,0.35,17.57,17.57,2950,0.30,571,0.35,17.02,17.02,0.25,27033,0
^VIX,2018-05-29,VIX,2018-08-22,42.500,p,0.00,0.00,0.00,0.00,0,3604,26.50,746,26.70,17.57,17.57,2242,26.40,667,26.70,17.02,17.02,0.00,2,0
^VIX,2018-05-29,VIX,2018-08-22,45.000,c,0.21,0.30,0.21,0.30,2049,30165,0.25,236,0.30,17.57,17.57,6581,0.25,202,0.30,17.02,17.02,0.21,1742,0
^VIX,2018-05-29,VIX,2018-08-22,45.000,p,0.00,0.00,0.00,0.00,0,4140,28.90,1151,29.20,17.57,17.57,850,28.90,797,29.10,17.02,17.02,0.00,175,0
^VIX,2018-05-29,VIX,2018-08-22,47.500,c,0.00,0.00,0.00,0.00,0,30458,0.20,24914,0.30,17.57,17.57,19940,0.20,4363,0.30,17.02,17.02,0.00,8859,0
^VIX,2018-05-29,VIX,2018-08-22,47.500,p,0.00,0.00,0.00,0.00,0,3238,31.40,1392,31.60,17.57,17.57,2242,31.30,806,31.60,17.02,17.02,0.00,0,0
^VIX,2018-05-29,VIX,2018-08-22,50.000,c,0.00,0.00,0.00,0.00,0,22750,0.20,2357,0.25,17.57,17.57,3142,0.20,541,0.25,17.02,17.02,0.00,12791,0
^VIX,2018-05-29,VIX,2018-08-22,50.000,p,0.00,0.00,0.00,0.00,0,3963,33.80,1164,34.10,17.57,17.57,1824,33.80,776,34.00,17.02,17.02,0.00,0,0
^VIX,2018-05-29,VIX,2018-08-22,55.000,c,0.00,0.00,0.00,0.00,0,27323,0.15,890,0.20,17.57,17.57,6091,0.15,320,0.20,17.02,17.02,0.00,23223,0
^VIX,2018-05-29,VIX,2018-08-22,55.000,p,0.00,0.00,0.00,0.00,0,3393,38.80,1064,39.00,17.57,17.57,2090,38.70,895,39.00,17.02,17.02,0.00,0,0
^VIX,2018-05-29,VIX,2018-08-22,60.000,c,0.13,0.13,0.13,0.13,20,33320,0.10,31149,0.20,17.57,17.57,20261,0.10,8209,0.20,17.02,17.02,0.13,441,0
^VIX,2018-05-29,VIX,2018-08-22,60.000,p,0.00,0.00,0.00,0.00,0,2235,43.70,698,43.90,17.57,17.57,2242,43.60,993,43.90,17.02,17.02,0.00,20,0
^VIX,2018-05-29,VIX,2018-08-22,65.000,c,0.00,0.00,0.00,0.00,0,27051,0.10,10015,0.15,17.57,17.57,2874,0.10,2309,0.15,17.02,17.02,0.00,174,0
^VIX,2018-05-29,VIX,2018-08-22,65.000,p,0.00,0.00,0.00,0.00,0,2459,48.60,1113,48.90,17.57,17.57,2089,48.60,1105,48.80,17.02,17.02,0.00,150,0
^VIX,2018-05-29,VIX,2018-08-22,70.000,c,0.08,0.08,0.08,0.08,2,31622,0.05,29287,0.15,17.57,17.57,20754,0.05,8527,0.15,17.02,17.02,0.08,291,0
^VIX,2018-05-29,VIX,2018-08-22,70.000,p,0.00,0.00,0.00,0.00,0,2382,53.60,1295,53.80,17.57,17.57,2242,53.50,1217,53.80,17.02,17.02,0.00,500,0
^VIX,2018-05-29,VIX,2018-08-22,75.000,c,0.10,0.10,0.10,0.10,365,27599,0.05,288,0.10,17.57,17.57,7841,0.05,210,0.10,17.02,17.02,0.10,3342,0
^VIX,2018-05-29,VIX,2018-08-22,75.000,p,0.00,0.00,0.00,0.00,0,1959,58.60,1334,58.80,17.57,17.57,2089,58.50,812,58.70,17.02,17.02,0.00,300,0
^VIX,2018-05-29,VIX,2018-08-22,80.000,c,0.10,0.10,0.10,0.10,1,19292,0.05,23126,0.10,17.57,17.57,2571,0.05,4107,0.10,17.02,17.02,0.10,274,0
^VIX,2018-05-29,VIX,2018-08-22,80.000,p,0.00,0.00,0.00,0.00,0,2230,63.50,2105,63.80,17.57,17.57,2245,63.40,1412,63.70,17.02,17.02,0.00,105,0
^VIX,2018-05-29,VIX,2018-09-19,10.000,c,6.20,6.50,6.20,6.50,12,5146,6.20,4053,6.50,17.57,17.57,960,6.30,1771,6.50,17.02,17.02,6.47,79,0
^VIX,2018-05-29,VIX,2018-09-19,10.000,p,0.00,0.00,0.00,0.00,0,12258,0.05,18816,0.10,17.57,17.57,2368,0.05,7001,0.10,17.02,17.02,0.00,3395,0
^VIX,2018-05-29,VIX,2018-09-19,11.000,c,5.20,5.50,5.20,5.50,22,4844,5.40,9465,5.60,17.57,17.57,2135,5.40,2043,5.60,17.02,17.02,5.34,26,0
^VIX,2018-05-29,VIX,2018-09-19,11.000,p,0.20,0.20,0.20,0.20,47,18056,0.15,1734,0.20,17.57,17.57,2310,0.15,3065,0.20,17.02,17.02,0.20,3946,0
^VIX,2018-05-29,VIX,2018-09-19,12.000,c,4.70,4.70,4.70,4.70,1,12147,4.60,14680,4.80,17.57,17.57,2832,4.60,1806,4.80,17.02,17.02,4.70,78,0
^VIX,2018-05-29,VIX,2018-09-19,12.000,p,0.40,0.40,0.40,0.40,2,19980,0.35,138,0.40,17.57,17.57,3397,0.35,223,0.40,17.02,17.02,0.40,3660,0
^VIX,2018-05-29,VIX,2018-09-19,13.000,c,3.80,4.20,3.80,4.20,11,210,4.00,7014,4.10,17.57,17.57,641,4.00,258,4.10,17.02,17.02,3.84,224,0
^VIX,2018-05-29,VIX,2018-09-19,13.000,p,0.72,0.72,0.72,0.72,2500,1258,0.70,118,0.75,17.57,17.57,6231,0.65,2888,0.75,17.02,17.02,0.72,964,0
^VIX,2018-05-29,VIX,2018-09-19,14.000,c,3.24,3.60,3.24,3.50,16,18692,3.40,21730,3.60,17.57,17.57,3353,3.40,2602,3.60,17.02,17.02,3.37,493,0
^VIX,2018-05-29,VIX,2018-09-19,14.000,p,1.20,1.20,1.17,1.20,2525,1258,1.15,27439,1.25,17.57,17.57,5000,1.10,1247,1.20,17.02,17.02,1.20,1880,0
^VIX,2018-05-29,VIX,2018-09-19,15.000,c,2.80,3.20,2.80,3.10,10,10210,3.00,169,3.10,17.57,17.57,2330,3.00,8615,3.20,17.02,17.02,2.98,456,0
^VIX,2018-05-29,VIX,2018-09-19,15.000,p,1.85,1.85,1.75,1.75,23,3331,1.70,24386,1.80,17.57,17.57,2909,1.65,1180,1.75,17.02,17.02,1.84,5409,0
^VIX,2018-05-29,VIX,2018-09-19,16.000,c,2.48,2.70,2.35,2.70,1395,492,2.65,15935,2.75,17.57,17.57,1364,2.65,1245,2.75,17.02,17.02,2.52,11909,0
^VIX,2018-05-29,VIX,2018-09-19,16.000,p,2.42,2.42,2.33,2.33,1220,17920,2.30,9357,2.40,17.57,17.57,11779,2.25,2948,2.40,17.02,17.02,2.42,2841,0
^VIX,2018-05-29,VIX,2018-09-19,17.000,c,2.10,2.38,2.10,2.38,114,466,2.35,16814,2.45,17.57,17.57,1306,2.35,1231,2.45,17.02,17.02,2.35,4355,0
^VIX,2018-05-29,VIX,2018-09-19,17.000,p,3.10,3.18,3.01,3.01,66,9560,3.00,13349,3.10,17.57,17.57,4226,2.95,3165,3.10,17.02,17.02,3.05,9014,0
^VIX,2018-05-29,VIX,2018-09-19,18.000,c,2.00,2.15,1.95,2.10,426,488,2.10,17699,2.20,17.57,17.57,867,2.10,1619,2.20,17.02,17.02,2.07,25579,0
^VIX,2018-05-29,VIX,2018-09-19,18.000,p,0.00,0.00,0.00,0.00,0,22277,3.70,28304,3.90,17.57,17.57,1928,3.70,6630,3.90,17.02,17.02,0.00,34449,0
^VIX,2018-05-29,VIX,2018-09-19,19.000,c,1.75,1.85,1.75,1.85,2,20272,1.85,210,1.95,17.57,17.57,3642,1.85,3720,2.00,17.02,17.02,1.80,1109,0
^VIX,2018-05-29,VIX,2018-09-19,19.000,p,4.70,4.70,4.70,4.70,1,14188,4.50,210,4.60,17.57,17.57,11604,4.40,2670,4.60,17.02,17.02,4.70,699,0
^VIX,2018-05-29,VIX,2018-09-19,20.000,c,1.50,1.75,1.50,1.75,79,3601,1.70,21685,1.80,17.57,17.57,816,1.70,3176,1.80,17.02,17.02,1.66,16341,0
^VIX,2018-05-29,VIX,2018-09-19,20.000,p,5.40,5.40,5.40,5.40,2,17728,5.30,29285,5.50,17.57,17.57,10599,5.20,1368,5.40,17.02,17.02,5.40,2696,0
^VIX,2018-05-29,VIX,2018-09-19,21.000,c,1.40,1.58,1.40,1.58,107,21622,1.50,210,1.60,17.57,17.57,6201,1.50,196,1.60,17.02,17.02,1.56,1144,0
^VIX,2018-05-29,VIX,2018-09-19,21.000,p,0.00,0.00,0.00,0.00,0,19811,6.10,19488,6.30,17.57,17.57,3002,6.10,8892,6.30,17.02,17.02,0.00,230,0
^VIX,2018-05-29,VIX,2018-09-19,22.000,c,1.27,1.27,1.27,1.27,2,3987,1.40,26130,1.50,17.57,17.57,8109,1.35,3461,1.50,17.02,17.02,1.27,6354,0
^VIX,2018-05-29,VIX,2018-09-19,22.000,p,0.00,0.00,0.00,0.00,0,7663,7.00,1371,7.10,17.57,17.57,8858,6.90,2262,7.10,17.02,17.02,0.00,5562,0
^VIX,2018-05-29,VIX,2018-09-19,23.000,c,1.30,1.30,1.30,1.30,15,18909,1.25,12687,1.35,17.57,17.57,3070,1.25,377,1.35,17.02,17.02,1.30,1268,0
^VIX,2018-05-29,VIX,2018-09-19,23.000,p,0.00,0.00,0.00,0.00,0,21048,7.80,12390,8.00,17.57,17.57,5453,7.80,3918,8.00,17.02,17.02,0.00,418,0
^VIX,2018-05-29,VIX,2018-09-19,24.000,c,1.00,1.00,1.00,1.00,1,18102,1.15,15911,1.25,17.57,17.57,2694,1.15,1836,1.25,17.02,17.02,1.00,439,0
^VIX,2018-05-29,VIX,2018-09-19,24.000,p,0.00,0.00,0.00,0.00,0,18454,8.70,15872,8.90,17.57,17.57,2460,8.70,6677,8.90,17.02,17.02,0.00,1,0
^VIX,2018-05-29,VIX,2018-09-19,25.000,c,1.10,1.10,1.00,1.10,115,2,1.10,14405,1.15,17.57,17.57,3430,1.05,1727,1.15,17.02,17.02,1.07,17159,0
^VIX,2018-05-29,VIX,2018-09-19,25.000,p,0.00,0.00,0.00,0.00,0,17840,9.60,15637,9.80,17.57,17.57,2088,9.60,5692,9.80,17.02,17.02,0.00,11,0
^VIX,2018-05-29,VIX,2018-09-19,26.000,c,0.00,0.00,0.00,0.00,0,23270,0.95,7443,1.05,17.57,17.57,4546,0.95,352,1.05,17.02,17.02,0.00,1823,0
^VIX,2018-05-29,VIX,2018-09-19,26.000,p,0.00,0.00,0.00,0.00,0,17779,10.50,13968,10.70,17.57,17.57,2159,10.50,5378,10.70,17.02,17.02,0.00,2,0
^VIX,2018-05-29,VIX,2018-09-19,27.000,c,0.00,0.00,0.00,0.00,0,14597,0.90,16347,1.00,17.57,17.57,2740,0.90,2620,1.00,17.02,17.02,0.00,22808,0
^VIX,2018-05-29,VIX,2018-09-19,27.000,p,0.00,0.00,0.00,0.00,0,16211,11.40,6120,11.60,17.57,17.57,2594,11.40,2293,11.60,17.02,17.02,0.00,0,0
^VIX,2018-05-29,VIX,2018-09-19,28.000,c,0.75,0.75,0.75,0.75,40,3968,0.85,1398,0.90,17.57,17.57,5697,0.80,332,0.90,17.02,17.02,0.75,429,0
^VIX,2018-05-29,VIX,2018-09-19,28.000,p,0.00,0.00,0.00,0.00,0,210,12.40,1236,12.50,17.57,17.57,3610,12.30,1214,12.50,17.02,17.02,0.00,0,0
^VIX,2018-05-29,VIX,2018-09-19,29.000,c,0.00,0.00,0.00,0.00,0,24767,0.75,10404,0.85,17.57,17.57,4674,0.75,1288,0.85,17.02,17.02,0.00,296,0
^VIX,2018-05-29,VIX,2018-09-19,29.000,p,0.00,0.00,0.00,0.00,0,10436,13.30,14875,13.50,17.57,17.57,2617,13.20,2009,13.50,17.02,17.02,0.00,0,0
^VIX,2018-05-29,VIX,2018-09-19,30.000,c,0.70,0.75,0.70,0.75,23,24303,0.70,15389,0.80,17.57,17.57,4116,0.70,1726,0.80,17.02,17.02,0.74,22305,0
^VIX,2018-05-29,VIX,2018-09-19,30.000,p,0.00,0.00,0.00,0.00,0,13425,14.20,4057,14.40,17.57,17.57,1481,14.20,1930,14.40,17.02,17.02,0.00,3,0
^VIX,2018-05-29,VIX,2018-09-19,32.500,c,0.65,0.65,0.65,0.65,2,18646,0.60,23885,0.70,17.57,17.57,2359,0.60,3139,0.70,17.02,17.02,0.65,6767,0
^VIX,2018-05-29,VIX,2018-09-19,32.500,p,0.00,0.00,0.00,0.00,0,10616,16.60,14061,16.80,17.57,17.57,2534,16.50,1881,16.80,17.02,17.02,0.00,0,0
^VIX,2018-05-29,VIX,2018-09-19,35.000,c,0.55,0.55,0.55,0.55,2,27505,0.50,20668,0.60,17.57,17.57,4096,0.50,3171,0.60,17.02,17.02,0.55,27111,0
^VIX,2018-05-29,VIX,2018-09-19,35.000,p,0.00,0.00,0.00,0.00,0,7382,19.00,13753,19.20,17.57,17.57,2429,18.90,1824,19.20,17.02,17.02,0.00,0,0
^VIX,2018-05-29,VIX,2018-09-19,37.500,c,0.45,0.45,0.45,0.45,4,4281,0.45,1462,0.50,17.57,17.57,214,0.45,394,0.50,17.02,17.02,0.45,50760,0
^VIX,2018-05-29,VIX,2018-09-19,37.500,p,0.00,0.00,0.00,0.00,0,3340,21.40,4879,21.60,17.57,17.57,2411,21.30,1690,21.60,17.02,17.02,0.00,0,0
^VIX,2018-05-29,VIX,2018-09-19,40.000,c,0.00,0.00,0.00,0.00,0,28627,0.35,11745,0.45,17.57,17.57,6573,0.35,2367,0.45,17.02,17.02,0.00,8513,0
^VIX,2018-05-29,VIX,2018-09-19,40.000,p,0.00,0.00,0.00,0.00,0,4226,23.80,1936,24.00,17.57,17.57,1964,23.70,1327,24.00,17.02,17.02,0.00,4,0
^VIX,2018-05-29,VIX,2018-09-19,42.500,c,0.35,0.35,0.35,0.35,5,27318,0.30,15719,0.40,17.57,17.57,6977,0.30,2989,0.40,17.02,17.02,0.35,801,0
^VIX,2018-05-29,VIX,2018-09-19,42.500,p,0.00,0.00,0.00,0.00,0,4098,26.20,4162,26.50,17.57,17.57,1391,26.20,954,26.40,17.02,17.02,0.00,0,0
^VIX,2018-05-29,VIX,2018-09-19,45.000,c,0.00,0.00,0.00,0.00,0,2747,0.30,9289,0.35,17.57,17.57,216,0.30,1377,0.35,17.02,17.02,0.00,907,0
^VIX,2018-05-29,VIX,2018-09-19,45.000,p,0.00,0.00,0.00,0.00,0,3132,28.60,1614,28.90,17.57,17.57,1825,28.60,101,28.80,17.02,17.02,0.00,0,0
^VIX,2018-05-29,VIX,2018-09-19,47.500,c,0.00,0.00,0.00,0.00,0,21638,0.25,105,0.30,17.57,17.57,1809,0.25,117,0.30,17.02,17.02,0.00,675,0
^VIX,2018-05-29,VIX,2018-09-19,47.500,p,0.00,0.00,0.00,0.00,0,2277,31.10,1064,31.30,17.57,17.57,850,31.10,1227,31.30,17.02,17.02,0.00,0,0
^VIX,2018-05-29,VIX,2018-09-19,50.000,c,0.00,0.00,0.00,0.00,0,28239,0.20,26694,0.30,17.57,17.57,6166,0.20,4455,0.30,17.02,17.02,0.00,316,0
^VIX,2018-05-29,VIX,2018-09-19,50.000,p,0.00,0.00,0.00,0.00,0,3146,33.50,1586,33.80,17.57,17.57,1825,33.50,101,33.70,17.02,17.02,0.00,0,0
^VIX,2018-05-29,VIX,2018-09-19,55.000,c,0.00,0.00,0.00,0.00,0,28671,0.15,27795,0.25,17.57,17.57,7175,0.15,5199,0.25,17.02,17.02,0.00,1043,0
^VIX,2018-05-29,VIX,2018-09-19,55.000,p,0.00,0.00,0.00,0.00,0,2473,38.50,1449,38.70,17.57,17.57,1825,38.40,1228,38.70,17.02,17.02,0.00,350,0
^VIX,2018-05-29,VIX,2018-09-19,60.000,c,0.00,0.00,0.00,0.00,0,7167,0.15,13419,0.20,17.57,17.57,254,0.15,3091,0.20,17.02,17.02,0.00,1255,0
^VIX,2018-05-29,VIX,2018-09-19,60.000,p,0.00,0.00,0.00,0.00,0,3219,43.40,1600,43.60,17.57,17.57,2242,43.30,1267,43.60,17.02,17.02,0.00,250,0
^VIX,2018-05-29,VIX,2018-09-19,65.000,c,0.00,0.00,0.00,0.00,0,26181,0.10,30202,0.20,17.57,17.57,4770,0.10,13572,0.20,17.02,17.02,0.00,64,0
^VIX,2018-05-29,VIX,2018-09-19,65.000,p,0.00,0.00,0.00,0.00,0,1966,48.30,1318,48.60,17.57,17.57,1350,48.30,1140,48.60,17.02,17.02,0.00,3,0
^VIX,2018-05-29,VIX,2018-09-19,70.000,c,0.00,0.00,0.00,0.00,0,8152,0.10,20109,0.15,17.57,17.57,175,0.10,3910,0.15,17.02,17.02,0.00,2866,0
^VIX,2018-05-29,VIX,2018-09-19,70.000,p,0.00,0.00,0.00,0.00,0,1789,53.30,1374,53.50,17.57,17.57,1689,53.20,1389,53.50,17.02,17.02,0.00,850,0
^VIX,2018-05-29,VIX,2018-10-17,10.000,c,7.00,7.00,6.80,6.90,58,14,6.70,4078,6.90,17.57,17.57,1977,6.60,2333,6.90,17.02,17.02,6.86,177,0
^VIX,2018-05-29,VIX,2018-10-17,10.000,p,0.00,0.00,0.00,0.00,0,9992,0.05,2570,0.10,17.57,17.57,2445,0.05,562,0.10,17.02,17.02,0.00,3412,0
^VIX,2018-05-29,VIX,2018-10-17,11.000,c,5.60,5.70,5.60,5.60,5,2606,5.80,4558,6.00,17.57,17.57,11,5.80,2988,6.00,17.02,17.02,5.62,34,0
^VIX,2018-05-29,VIX,2018-10-17,11.000,p,0.00,0.00,0.00,0.00,0,12322,0.15,1213,0.20,17.57,17.57,2865,0.15,345,0.20,17.02,17.02,0.00,192,0
^VIX,2018-05-29,VIX,2018-10-17,12.000,c,0.00,0.00,0.00,0.00,0,6580,5.00,11581,5.20,17.57,17.57,1587,5.00,3858,5.20,17.02,17.02,0.00,82,0
^VIX,2018-05-29,VIX,2018-10-17,12.000,p,0.35,0.35,0.35,0.35,2,13218,0.35,486,0.40,17.57,17.57,2602,0.35,160,0.40,17.02,17.02,0.35,1643,0
^VIX,2018-05-29,VIX,2018-10-17,13.000,c,4.50,4.50,4.50,4.50,2,11282,4.30,7509,4.50,17.57,17.57,2521,4.30,2180,4.50,17.02,17.02,4.50,133,0
^VIX,2018-05-29,VIX,2018-10-17,13.000,p,0.66,0.70,0.66,0.70,12,12579,0.65,14649,0.75,17.57,17.57,3388,0.65,2433,0.75,17.02,17.02,0.67,1690,0
^VIX,2018-05-29,VIX,2018-10-17,14.000,c,3.60,3.60,3.50,3.50,2,1658,3.80,19497,4.00,17.57,17.57,4799,3.70,153,3.90,17.02,17.02,3.55,93,0
^VIX,2018-05-29,VIX,2018-10-17,14.000,p,1.07,1.07,1.07,1.07,1,740,1.10,19295,1.20,17.57,17.57,315,1.10,4141,1.20,17.02,17.02,1.07,8263,0
^VIX,2018-05-29,VIX,2018-10-17,15.000,c,3.30,3.49,3.30,3.49,41,13077,3.30,18546,3.50,17.57,17.57,1652,3.30,6579,3.50,17.02,17.02,3.37,291,0
^VIX,2018-05-29,VIX,2018-10-17,15.000,p,1.60,1.65,1.60,1.65,30,12055,1.60,9613,1.70,17.57,17.57,2557,1.60,1426,1.70,17.02,17.02,1.63,17992,0
^VIX,2018-05-29,VIX,2018-10-17,16.000,c,2.98,3.00,2.98,3.00,34,2262,2.95,18069,3.10,17.57,17.57,11,2.95,6391,3.10,17.02,17.02,3.00,1120,0
^VIX,2018-05-29,VIX,2018-10-17,16.000,p,2.19,2.19,2.19,2.19,1,10939,2.20,6703,2.30,17.57,17.57,1901,2.20,1004,2.30,17.02,17.02,2.19,12850,0
^VIX,2018-05-29,VIX,2018-10-17,17.000,c,2.65,2.65,2.65,2.65,5,13875,2.60,13067,2.75,17.57,17.57,1362,2.60,87,2.70,17.02,17.02,2.65,7814,0
^VIX,2018-05-29,VIX,2018-10-17,17.000,p,2.95,2.95,2.95,2.95,5,14463,2.85,15062,3.00,17.57,17.57,2868,2.85,2535,3.00,17.02,17.02,2.95,9190,0
^VIX,2018-05-29,VIX,2018-10-17,18.000,c,2.43,2.48,2.43,2.48,15,7532,2.35,8341,2.45,17.57,17.57,4506,2.30,1274,2.45,17.02,17.02,2.46,21376,0
^VIX,2018-05-29,VIX,2018-10-17,18.000,p,3.60,3.60,3.60,3.60,10,22352,3.50,10603,3.70,17.57,17.57,8117,3.50,1635,3.70,17.02,17.02,3.60,16683,0
^VIX,2018-05-29,VIX,2018-10-17,19.000,c,2.20,2.20,2.20,2.20,60,12713,2.10,18425,2.25,17.57,17.57,313,2.10,737,2.20,17.02,17.02,2.20,11980,0
^VIX,2018-05-29,VIX,2018-10-17,19.000,p,0.00,0.00,0.00,0.00,0,14584,4.30,19204,4.50,17.57,17.57,4588,4.30,5832,4.50,17.02,17.02,0.00,1503,0
^VIX,2018-05-29,VIX,2018-10-17,20.000,c,1.90,2.05,1.85,2.05,335,11659,1.90,142,2.00,17.57,17.57,1375,1.90,777,2.00,17.02,17.02,1.89,27372,0
^VIX,2018-05-29,VIX,2018-10-17,20.000,p,5.20,5.20,5.20,5.20,1,13032,5.10,21330,5.30,17.57,17.57,2097,5.10,6204,5.30,17.02,17.02,5.20,1024,0
^VIX,2018-05-29,VIX,2018-10-17,21.000,c,1.70,1.70,1.70,1.70,115,2131,1.75,14244,1.85,17.57,17.57,2291,1.70,106,1.80,17.02,17.02,1.70,6552,0
^VIX,2018-05-29,VIX,2018-10-17,21.000,p,0.00,0.00,0.00,0.00,0,12257,5.90,17874,6.10,17.57,17.57,2355,5.90,5146,6.10,17.02,17.02,0.00,27,0
^VIX,2018-05-29,VIX,2018-10-17,22.000,c,1.55,1.55,1.55,1.55,5,15134,1.55,15558,1.70,17.57,17.57,1919,1.55,147,1.65,17.02,17.02,1.55,15764,0
^VIX,2018-05-29,VIX,2018-10-17,22.000,p,0.00,0.00,0.00,0.00,0,14234,6.70,8122,6.90,17.57,17.57,5458,6.70,1068,6.90,17.02,17.02,0.00,0,0
^VIX,2018-05-29,VIX,2018-10-17,23.000,c,0.00,0.00,0.00,0.00,0,2254,1.45,12349,1.55,17.57,17.57,2930,1.40,77,1.50,17.02,17.02,0.00,3127,0
^VIX,2018-05-29,VIX,2018-10-17,23.000,p,0.00,0.00,0.00,0.00,0,9735,7.60,17891,7.80,17.57,17.57,1965,7.60,5126,7.80,17.02,17.02,0.00,0,0
^VIX,2018-05-29,VIX,2018-10-17,24.000,c,0.00,0.00,0.00,0.00,0,12007,1.30,1107,1.40,17.57,17.57,1722,1.30,246,1.40,17.02,17.02,0.00,7730,0
^VIX,2018-05-29,VIX,2018-10-17,24.000,p,0.00,0.00,0.00,0.00,0,16783,8.40,20768,8.70,17.57,17.57,6821,8.40,4797,8.70,17.02,17.02,0.00,0,0
^VIX,2018-05-29,VIX,2018-10-17,25.000,c,1.20,1.25,1.20,1.25,25,11289,1.20,9995,1.30,17.57,17.57,1453,1.20,329,1.30,17.02,17.02,1.22,15422,0
^VIX,2018-05-29,VIX,2018-10-17,25.000,p,0.00,0.00,0.00,0.00,0,11812,9.30,5579,9.50,17.57,17.57,4756,9.30,863,9.50,17.02,17.02,0.00,0,0
^VIX,2018-05-29,VIX,2018-10-17,26.000,c,1.10,1.10,1.10,1.10,5,12026,1.10,9916,1.20,17.57,17.57,1600,1.10,315,1.20,17.02,17.02,1.10,1126,0
^VIX,2018-05-29,VIX,2018-10-17,26.000,p,0.00,0.00,0.00,0.00,0,11085,10.20,6485,10.40,17.57,17.57,4003,10.20,902,10.40,17.02,17.02,0.00,0,0
^VIX,2018-05-29,VIX,2018-10-17,27.000,c,1.03,1.03,1.03,1.03,12,15511,1.00,123,1.10,17.57,17.57,2493,1.00,219,1.10,17.02,17.02,1.03,18,0
^VIX,2018-05-29,VIX,2018-10-17,27.000,p,0.00,0.00,0.00,0.00,0,11162,11.10,4882,11.30,17.57,17.57,4303,11.10,683,11.30,17.02,17.02,0.00,1,0
^VIX,2018-05-29,VIX,2018-10-17,28.000,c,1.00,1.00,1.00,1.00,5,4672,0.95,11788,1.05,17.57,17.57,270,0.95,1689,1.05,17.02,17.02,1.00,1534,0
^VIX,2018-05-29,VIX,2018-10-17,28.000,p,0.00,0.00,0.00,0.00,0,12192,12.00,16138,12.30,17.57,17.57,3680,12.00,3378,12.30,17.02,17.02,0.00,0,0
^VIX,2018-05-29,VIX,2018-10-17,29.000,c,0.00,0.00,0.00,0.00,0,15128,0.85,120,0.95,17.57,17.57,2615,0.85,217,0.95,17.02,17.02,0.00,1679,0
^VIX,2018-05-29,VIX,2018-10-17,29.000,p,0.00,0.00,0.00,0.00,0,2626,13.00,12830,13.20,17.57,17.57,2424,12.90,2126,13.20,17.02,17.02,0.00,0,0
^VIX,2018-05-29,VIX,2018-10-17,30.000,c,0.90,0.90,0.85,0.85,102,14202,0.80,10255,0.90,17.57,17.57,1776,0.80,1199,0.90,17.02,17.02,0.87,15440,0
^VIX,2018-05-29,VIX,2018-10-17,30.000,p,0.00,0.00,0.00,0.00,0,6430,13.90,9279,14.10,17.57,17.57,1165,13.90,1454,14.10,17.02,17.02,0.00,0,0
^VIX,2018-05-29,VIX,2018-10-17,32.500,c,0.00,0.00,0.00,0.00,0,66,0.70,100,0.75,17.57,17.57,2876,0.65,827,0.75,17.02,17.02,0.00,5523,0
^VIX,2018-05-29,VIX,2018-10-17,32.500,p,0.00,0.00,0.00,0.00,0,7016,16.20,29,16.40,17.57,17.57,2183,16.20,2338,16.50,17.02,17.02,0.00,0,0
^VIX,2018-05-29,VIX,2018-10-17,35.000,c,0.62,0.62,0.62,0.62,50,19062,0.55,1526,0.65,17.57,17.57,2821,0.55,944,0.65,17.02,17.02,0.62,8646,0
^VIX,2018-05-29,VIX,2018-10-17,35.000,p,0.00,0.00,0.00,0.00,0,4293,18.60,800,18.80,17.57,17.57,1279,18.60,741,18.80,17.02,17.02,0.00,0,0
^VIX,2018-05-29,VIX,2018-10-17,37.500,c,0.00,0.00,0.00,0.00,0,3091,0.50,100,0.55,17.57,17.57,3866,0.45,218,0.55,17.02,17.02,0.00,89505,0
^VIX,2018-05-29,VIX,2018-10-17,37.500,p,0.00,0.00,0.00,0.00,0,2602,21.00,2991,21.20,17.57,17.57,673,21.00,1402,21.20,17.02,17.02,0.00,1,0
^VIX,2018-05-29,VIX,2018-10-17,40.000,c,0.00,0.00,0.00,0.00,0,16051,0.40,9761,0.50,17.57,17.57,2766,0.40,1395,0.50,17.02,17.02,0.00,2505,0
^VIX,2018-05-29,VIX,2018-10-17,40.000,p,0.00,0.00,0.00,0.00,0,3067,23.40,2413,23.60,17.57,17.57,1255,23.40,843,23.60,17.02,17.02,0.00,2,0
^VIX,2018-05-29,VIX,2018-10-17,42.500,c,0.00,0.00,0.00,0.00,0,15505,0.35,12024,0.45,17.57,17.57,2593,0.35,2337,0.45,17.02,17.02,0.00,968,0
^VIX,2018-05-29,VIX,2018-10-17,42.500,p,0.00,0.00,0.00,0.00,0,3617,25.80,3304,26.10,17.57,17.57,1351,25.80,1894,26.10,17.02,17.02,0.00,0,0
^VIX,2018-05-29,VIX,2018-10-17,45.000,c,0.00,0.00,0.00,0.00,0,16066,0.30,13577,0.40,17.57,17.57,2797,0.30,2501,0.40,17.02,17.02,0.00,20,0
^VIX,2018-05-29,VIX,2018-10-17,45.000,p,0.00,0.00,0.00,0.00,0,3080,28.20,3916,28.50,17.57,17.57,1898,28.20,1782,28.50,17.02,17.02,0.00,0,0
^VIX,2018-05-29,VIX,2018-10-17,47.500,c,0.31,0.32,0.31,0.32,50,21261,0.25,12309,0.35,17.57,17.57,3694,0.25,1961,0.35,17.02,17.02,0.32,50,0
^VIX,2018-05-29,VIX,2018-10-17,47.500,p,0.00,0.00,0.00,0.00,0,3148,30.60,3060,30.90,17.57,17.57,11,30.70,1702,30.90,17.02,17.02,0.00,20,0
^VIX,2018-05-29,VIX,2018-10-17,50.000,c,0.00,0.00,0.00,0.00,0,6276,0.25,151,0.30,17.57,17.57,127,0.25,178,0.30,17.02,17.02,0.00,778,0
^VIX,2018-05-29,VIX,2018-10-17,50.000,p,0.00,0.00,0.00,0.00,0,1947,33.10,2436,33.40,17.57,17.57,1314,33.10,1704,33.40,17.02,17.02,0.00,301,0
^VIX,2018-05-29,VIX,2018-10-17,55.000,c,0.00,0.00,0.00,0.00,0,136,0.20,9183,0.25,17.57,17.57,9673,0.15,257,0.25,17.02,17.02,0.00,104,0
^VIX,2018-05-29,VIX,2018-10-17,55.000,p,0.00,0.00,0.00,0.00,0,2540,38.00,2791,38.30,17.57,17.57,1315,38.00,1636,38.30,17.02,17.02,0.00,0,0
^VIX,2018-05-29,VIX,2018-10-17,60.000,c,0.00,0.00,0.00,0.00,0,10957,0.15,150,0.20,17.57,17.57,1430,0.15,146,0.20,17.02,17.02,0.00,299,0
^VIX,2018-05-29,VIX,2018-10-17,60.000,p,0.00,0.00,0.00,0.00,0,3231,42.90,2823,43.20,17.57,17.57,1801,42.90,1611,43.20,17.02,17.02,0.00,10,0
^VIX,2018-05-29,VIX,2018-10-17,65.000,c,0.00,0.00,0.00,0.00,0,20109,0.10,21112,0.20,17.57,17.57,4072,0.10,4884,0.20,17.02,17.02,0.00,465,0
^VIX,2018-05-29,VIX,2018-10-17,65.000,p,0.00,0.00,0.00,0.00,0,3231,47.80,2823,48.10,17.57,17.57,1809,47.80,1606,48.10,17.02,17.02,0.00,836,0
^VIX,2018-05-29,VIX,2018-10-17,70.000,c,0.13,0.13,0.13,0.13,12,8564,0.10,676,0.15,17.57,17.57,1423,0.10,1306,0.15,17.02,17.02,0.13,290,0
^VIX,2018-05-29,VIX,2018-10-17,70.000,p,0.00,0.00,0.00,0.00,0,1732,52.80,2053,53.00,17.57,17.57,787,52.80,1598,53.00,17.02,17.02,0.00,1,0
^VIX,2018-05-29,VIX,2018-11-21,10.000,c,6.70,6.90,6.70,6.80,125,2994,6.70,4145,7.00,17.57,17.57,1034,6.70,2182,7.00,17.02,17.02,6.83,73,0
^VIX,2018-05-29,VIX,2018-11-21,10.000,p,0.10,0.10,0.10,0.10,5,7190,0.05,7895,0.15,17.57,17.57,1855,0.05,2995,0.15,17.02,17.02,0.10,40,0
^VIX,2018-05-29,VIX,2018-11-21,11.000,c,6.10,6.10,6.10,6.10,1,3709,5.80,3035,6.10,17.57,17.57,2300,5.80,1569,6.10,17.02,17.02,6.10,10,0
^VIX,2018-05-29,VIX,2018-11-21,11.000,p,0.20,0.20,0.20,0.20,3,646,0.20,165,0.25,17.57,17.57,3770,0.15,132,0.25,17.02,17.02,0.20,363,0
^VIX,2018-05-29,VIX,2018-11-21,12.000,c,5.10,5.36,5.10,5.36,6,3754,5.10,2481,5.30,17.57,17.57,806,5.10,76,5.30,17.02,17.02,5.19,67,0
^VIX,2018-05-29,VIX,2018-11-21,12.000,p,0.00,0.00,0.00,0.00,0,6270,0.40,2552,0.50,17.57,17.57,1272,0.40,1140,0.50,17.02,17.02,0.00,337,0
^VIX,2018-05-29,VIX,2018-11-21,13.000,c,4.60,4.60,4.50,4.50,12,7465,4.40,5366,4.70,17.57,17.57,3997,4.40,2403,4.70,17.02,17.02,4.58,37,0
^VIX,2018-05-29,VIX,2018-11-21,13.000,p,0.77,0.77,0.77,0.77,1,4144,0.75,3383,0.85,17.57,17.57,839,0.75,3509,0.90,17.02,17.02,0.77,352,0
^VIX,2018-05-29,VIX,2018-11-21,14.000,c,4.00,4.00,4.00,4.00,4,5605,3.90,8007,4.20,17.57,17.57,815,3.90,3840,4.20,17.02,17.02,4.00,57,0
^VIX,2018-05-29,VIX,2018-11-21,14.000,p,1.30,1.35,1.30,1.35,15,128,1.20,3210,1.30,17.57,17.57,1314,1.15,3701,1.35,17.02,17.02,1.32,101,0
^VIX,2018-05-29,VIX,2018-11-21,15.000,c,3.50,3.60,3.40,3.60,66,264,3.50,8723,3.70,17.57,17.57,2860,3.40,3018,3.70,17.02,17.02,3.49,31,0
^VIX,2018-05-29,VIX,2018-11-21,15.000,p,0.00,0.00,0.00,0.00,0,4330,1.70,3851,1.85,17.57,17.57,949,1.70,1399,1.85,17.02,17.02,0.00,1,0
^VIX,2018-05-29,VIX,2018-11-21,16.000,c,3.20,3.25,3.05,3.25,23,3465,3.10,9412,3.30,17.57,17.57,101,3.10,1718,3.30,17.02,17.02,3.16,5143,0
^VIX,2018-05-29,VIX,2018-11-21,16.000,p,2.35,2.45,2.35,2.41,37,8323,2.30,2635,2.45,17.57,17.57,586,2.30,2426,2.50,17.02,17.02,2.37,5149,0
^VIX,2018-05-29,VIX,2018-11-21,17.000,c,2.65,2.97,2.65,2.90,10,253,2.80,4249,2.95,17.57,17.57,11,2.80,1099,2.95,17.02,17.02,2.82,8569,0
^VIX,2018-05-29,VIX,2018-11-21,17.000,p,0.00,0.00,0.00,0.00,0,7689,2.95,1192,3.10,17.57,17.57,746,2.95,1,3.10,17.02,17.02,0.00,7380,0
^VIX,2018-05-29,VIX,2018-11-21,18.000,c,2.64,2.64,2.59,2.59,17,7413,2.50,11993,2.70,17.57,17.57,480,2.50,757,2.65,17.02,17.02,2.61,1490,0
^VIX,2018-05-29,VIX,2018-11-21,18.000,p,3.90,3.90,3.90,3.90,3,858,3.70,10961,3.90,17.57,17.57,4888,3.60,5006,3.90,17.02,17.02,3.90,11,0
^VIX,2018-05-29,VIX,2018-11-21,19.000,c,2.20,2.20,2.20,2.20,1,7459,2.25,7887,2.45,17.57,17.57,644,2.25,1741,2.45,17.02,17.02,2.20,63,0
^VIX,2018-05-29,VIX,2018-11-21,19.000,p,0.00,0.00,0.00,0.00,0,7555,4.40,6624,4.60,17.57,17.57,736,4.40,1411,4.60,17.02,17.02,0.00,25,0
^VIX,2018-05-29,VIX,2018-11-21,20.000,c,2.05,2.17,2.05,2.13,60,6947,2.05,3461,2.20,17.57,17.57,604,2.05,893,2.20,17.02,17.02,2.13,24729,0
^VIX,2018-05-29,VIX,2018-11-21,20.000,p,5.20,5.27,5.19,5.27,40,2145,5.20,8116,5.40,17.57,17.57,4184,5.10,2004,5.40,17.02,17.02,5.25,960,0
^VIX,2018-05-29,VIX,2018-11-21,21.000,c,0.00,0.00,0.00,0.00,0,7181,1.85,8987,2.05,17.57,17.57,761,1.85,1462,2.05,17.02,17.02,0.00,5012,0
^VIX,2018-05-29,VIX,2018-11-21,21.000,p,0.00,0.00,0.00,0.00,0,1817,6.00,6925,6.20,17.57,17.57,11,6.00,1579,6.20,17.02,17.02,0.00,0,0
^VIX,2018-05-29,VIX,2018-11-21,22.000,c,1.70,1.70,1.70,1.70,35,4477,1.70,4175,1.85,17.57,17.57,647,1.70,888,1.85,17.02,17.02,1.70,1,0
^VIX,2018-05-29,VIX,2018-11-21,22.000,p,0.00,0.00,0.00,0.00,0,6240,6.80,3783,7.00,17.57,17.57,734,6.80,993,7.00,17.02,17.02,0.00,0,0
^VIX,2018-05-29,VIX,2018-11-21,23.000,c,0.00,0.00,0.00,0.00,0,4430,1.55,3517,1.70,17.57,17.57,776,1.55,890,1.70,17.02,17.02,0.00,5,0
^VIX,2018-05-29,VIX,2018-11-21,23.000,p,0.00,0.00,0.00,0.00,0,9202,7.60,7922,7.90,17.57,17.57,3205,7.60,3865,7.90,17.02,17.02,0.00,0,0
^VIX,2018-05-29,VIX,2018-11-21,24.000,c,0.00,0.00,0.00,0.00,0,2938,1.45,6443,1.60,17.57,17.57,169,1.45,277,1.60,17.02,17.02,0.00,0,0
^VIX,2018-05-29,VIX,2018-11-21,24.000,p,0.00,0.00,0.00,0.00,0,3130,8.50,3159,8.70,17.57,17.57,696,8.50,851,8.70,17.02,17.02,0.00,0,0
^VIX,2018-05-29,VIX,2018-11-21,25.000,c,0.00,0.00,0.00,0.00,0,601,1.35,3918,1.45,17.57,17.57,801,1.30,912,1.45,17.02,17.02,0.00,1209,0
^VIX,2018-05-29,VIX,2018-11-21,25.000,p,0.00,0.00,0.00,0.00,0,1198,9.40,3881,9.60,17.57,17.57,3018,9.30,992,9.60,17.02,17.02,0.00,0,0
^VIX,2018-05-29,VIX,2018-11-21,26.000,c,0.00,0.00,0.00,0.00,0,7595,1.20,3971,1.35,17.57,17.57,748,1.20,997,1.35,17.02,17.02,0.00,1017,0
^VIX,2018-05-29,VIX,2018-11-21,26.000,p,0.00,0.00,0.00,0.00,0,480,10.30,4534,10.50,17.57,17.57,2465,10.20,2170,10.50,17.02,17.02,0.00,0,0
^VIX,2018-05-29,VIX,2018-11-21,27.000,c,0.00,0.00,0.00,0.00,0,674,1.15,3323,1.25,17.57,17.57,821,1.10,937,1.25,17.02,17.02,0.00,307,0
^VIX,2018-05-29,VIX,2018-11-21,27.000,p,0.00,0.00,0.00,0.00,0,6215,11.10,5346,11.40,17.57,17.57,2328,11.10,2052,11.40,17.02,17.02,0.00,0,0
^VIX,2018-05-29,VIX,2018-11-21,28.000,c,0.00,0.00,0.00,0.00,0,1212,1.05,120,1.15,17.57,17.57,177,1.05,865,1.15,17.02,17.02,0.00,410,0
^VIX,2018-05-29,VIX,2018-11-21,28.000,p,0.00,0.00,0.00,0.00,0,6377,12.00,4174,12.30,17.57,17.57,2327,12.00,1960,12.30,17.02,17.02,0.00,0,0
^VIX,2018-05-29,VIX,2018-11-21,29.000,c,1.05,1.05,1.05,1.05,5,8506,0.95,6667,1.10,17.57,17.57,677,0.95,1211,1.10,17.02,17.02,1.05,1501,0
^VIX,2018-05-29,VIX,2018-11-21,29.000,p,0.00,0.00,0.00,0.00,0,5595,12.90,433,13.20,17.57,17.57,1446,12.90,141,13.20,17.02,17.02,0.00,0,0
^VIX,2018-05-29,VIX,2018-11-21,30.000,c,0.95,1.00,0.95,1.00,65,3870,0.90,124,1.00,17.57,17.57,477,0.90,871,1.00,17.02,17.02,1.00,17,0
^VIX,2018-05-29,VIX,2018-11-21,30.000,p,0.00,0.00,0.00,0.00,0,1187,13.90,308,14.10,17.57,17.57,1581,13.80,104,14.10,17.02,17.02,0.00,0,0
^VIX,2018-05-29,VIX,2018-11-21,32.500,c,0.00,0.00,0.00,0.00,0,1402,0.75,1537,0.85,17.57,17.57,506,0.75,1043,0.85,17.02,17.02,0.00,10,0
^VIX,2018-05-29,VIX,2018-11-21,32.500,p,0.00,0.00,0.00,0.00,0,1700,16.20,2824,16.50,17.57,17.57,230,16.20,49,16.40,17.02,17.02,0.00,0,0
^VIX,2018-05-29,VIX,2018-11-21,35.000,c,0.00,0.00,0.00,0.00,0,717,0.65,4001,0.75,17.57,17.57,1656,0.60,1165,0.75,17.02,17.02,0.00,12,0
^VIX,2018-05-29,VIX,2018-11-21,35.000,p,0.00,0.00,0.00,0.00,0,4294,18.50,325,18.80,17.57,17.57,787,18.50,115,18.80,17.02,17.02,0.00,0,0
^VIX,2018-05-29,VIX,2018-11-21,37.500,c,0.00,0.00,0.00,0.00,0,1052,0.55,3900,0.65,17.57,17.57,371,0.55,1300,0.65,17.02,17.02,0.00,20,0
^VIX,2018-05-29,VIX,2018-11-21,37.500,p,0.00,0.00,0.00,0.00,0,2787,20.90,2804,21.20,17.57,17.57,578,20.90,796,21.20,17.02,17.02,0.00,0,0
^VIX,2018-05-29,VIX,2018-11-21,40.000,c,0.00,0.00,0.00,0.00,0,3784,0.45,1655,0.55,17.57,17.57,828,0.45,998,0.55,17.02,17.02,0.00,6246,0
^VIX,2018-05-29,VIX,2018-11-21,40.000,p,0.00,0.00,0.00,0.00,0,1721,23.30,2940,23.60,17.57,17.57,530,23.30,875,23.60,17.02,17.02,0.00,0,0
^VIX,2018-05-29,VIX,2018-11-21,42.500,c,0.00,0.00,0.00,0.00,0,3732,0.40,3890,0.50,17.57,17.57,558,0.40,1280,0.50,17.02,17.02,0.00,0,0
^VIX,2018-05-29,VIX,2018-11-21,42.500,p,0.00,0.00,0.00,0.00,0,2323,25.70,973,26.00,17.57,17.57,593,25.70,891,26.00,17.02,17.02,0.00,0,0
^VIX,2018-05-29,VIX,2018-11-21,45.000,c,0.00,0.00,0.00,0.00,0,3203,0.35,4293,0.45,17.57,17.57,543,0.35,1354,0.45,17.02,17.02,0.00,4,0
^VIX,2018-05-29,VIX,2018-11-21,45.000,p,0.00,0.00,0.00,0.00,0,2754,28.10,652,28.40,17.57,17.57,715,28.10,636,28.40,17.02,17.02,0.00,0,0
^VIX,2018-05-29,VIX,2018-11-21,47.500,c,0.00,0.00,0.00,0.00,0,4236,0.30,4094,0.40,17.57,17.57,638,0.30,1338,0.40,17.02,17.02,0.00,0,0
^VIX,2018-05-29,VIX,2018-11-21,47.500,p,0.00,0.00,0.00,0.00,0,3336,30.50,36,30.80,17.57,17.57,1136,30.50,11,30.80,17.02,17.02,0.00,0,0
^VIX,2018-05-29,VIX,2018-11-21,50.000,c,0.35,0.35,0.35,0.35,1,8957,0.25,1849,0.35,17.57,17.57,1637,0.25,1114,0.35,17.02,17.02,0.35,91,0
^VIX,2018-05-29,VIX,2018-11-21,50.000,p,0.00,0.00,0.00,0.00,0,1112,33.00,2475,33.30,17.57,17.57,1681,32.90,1377,33.30,17.02,17.02,0.00,197,0
^VIX,2018-05-29,VIX,2018-11-21,55.000,c,0.25,0.25,0.25,0.25,12,8982,0.20,8737,0.30,17.57,17.57,945,0.20,1820,0.30,17.02,17.02,0.25,1001,0
^VIX,2018-05-29,VIX,2018-11-21,55.000,p,0.00,0.00,0.00,0.00,0,958,37.90,2985,38.20,17.57,17.57,1704,37.80,1696,38.20,17.02,17.02,0.00,0,0
^VIX,2018-05-29,VIX,2018-11-21,60.000,c,0.00,0.00,0.00,0.00,0,7522,0.15,7436,0.25,17.57,17.57,1106,0.15,1828,0.25,17.02,17.02,0.00,100,0
^VIX,2018-05-29,VIX,2018-11-21,60.000,p,0.00,0.00,0.00,0.00,0,982,42.80,2850,43.10,17.57,17.57,1703,42.70,1430,43.10,17.02,17.02,0.00,0,0
^VIX,2018-05-29,VIX,2018-11-21,65.000,c,0.00,0.00,0.00,0.00,0,8578,0.10,1522,0.20,17.57,17.57,2547,0.10,935,0.20,17.02,17.02,0.00,0,0
^VIX,2018-05-29,VIX,2018-11-21,65.000,p,0.00,0.00,0.00,0.00,0,1191,47.70,2963,48.00,17.57,17.57,1704,47.60,1688,48.00,17.02,17.02,0.00,100,0
^VIX,2018-05-29,VIX,2018-11-21,70.000,c,0.00,0.00,0.00,0.00,0,3775,0.10,12803,0.20,17.57,17.57,1035,0.10,3051,0.20,17.02,17.02,0.00,2,0
^VIX,2018-05-29,VIX,2018-11-21,70.000,p,0.00,0.00,0.00,0.00,0,1622,52.60,2368,52.90,17.57,17.57,1439,52.50,1681,52.90,17.02,17.02,0.00,0,0
